"STATION","DATE","LATITUDE","LONGITUDE","ELEVATION","NAME","TEMP","TEMP_ATTRIBUTES","DEWP","DEWP_ATTRIBUTES","SLP","SLP_ATTRIBUTES","STP","STP_ATTRIBUTES","VISIB","VISIB_ATTRIBUTES","WDSP","WDSP_ATTRIBUTES","MXSPD","GUST","MAX","MAX_ATTRIBUTES","MIN","MIN_ATTRIBUTES","PRCP","PRCP_ATTRIBUTES","SNDP","FRSHTT"
"A0001823162","2019-01-01","39.38333","-112.51667","1450.5","DELTA FAA AIRPORT, UT US","  10.5","24","   5.7","24","9999.9"," 0","856.6","24","  9.6","24","  4.3","24","  9.9","999.9","  21.2","*","  -4.0","*"," 0.00","I","999.9","000000"
"A0001823162","2019-01-02","39.38333","-112.51667","1450.5","DELTA FAA AIRPORT, UT US","   3.0","24","  -0.9","24","9999.9"," 0","862.3","24"," 10.0","24","  3.1","23","  7.0","999.9","  14.0","*","  -5.8","*"," 0.00","I","999.9","000000"
"A0001823162","2019-01-03","39.38333","-112.51667","1450.5","DELTA FAA AIRPORT, UT US","   6.8","24","   2.7","24","9999.9"," 0","863.6","24"," 10.0","24","  2.1","24","  7.0"," 14.0","  19.4","*","  -0.4","*"," 0.00","I","999.9","000000"
"A0001823162","2019-01-04","39.38333","-112.51667","1450.5","DELTA FAA AIRPORT, UT US","   9.9","24","   6.3","24","9999.9"," 0","859.8","24","  8.9","24","  1.6","24","  5.1","999.9","  23.0","*","   1.4","*"," 0.00","I","999.9","000000"
"A0001823162","2019-01-05","39.38333","-112.51667","1450.5","DELTA FAA AIRPORT, UT US","  13.8","24","  10.5","24","9999.9"," 0","854.3","24","  9.5","24","  1.7","24","  6.0","999.9","  32.0","*","   3.2","*"," 0.00","I","999.9","000000"
"A0001823162","2019-01-06","39.38333","-112.51667","1450.5","DELTA FAA AIRPORT, UT US","  32.5","24","  30.0","24","9999.9"," 0","849.1","24","  8.2","24","  7.5","22"," 15.9"," 21.0","  35.6","*","  26.6","*"," 0.00","I","999.9","000000"
"A0001823162","2019-01-07","39.38333","-112.51667","1450.5","DELTA FAA AIRPORT, UT US","  34.5","24","  30.9","24","9999.9"," 0","852.3","24"," 10.0","24"," 17.9","24"," 28.0"," 36.9","  39.2","*","  32.0","*"," 0.00","I","999.9","000000"
"A0001823162","2019-01-08","39.38333","-112.51667","1450.5","DELTA FAA AIRPORT, UT US","  33.7","24","  30.7","24","9999.9"," 0","862.3","24"," 10.0","24","  5.4","24"," 14.0"," 17.1","  41.0","*","  26.6","*"," 0.00","I","999.9","000000"
"A0001823162","2019-01-09","39.38333","-112.51667","1450.5","DELTA FAA AIRPORT, UT US","  35.0","24","  30.4","24","9999.9"," 0","859.8","24"," 10.0","24","  2.8","24","  8.9","999.9","  50.0","*","  30.2","*"," 0.00","I","999.9","000000"
"A0001823162","2019-01-10","39.38333","-112.51667","1450.5","DELTA FAA AIRPORT, UT US","  34.2","21","  29.9","21","9999.9"," 0","857.4","21"," 10.0","21","  4.2","20","  7.0","999.9","  41.0","*","  28.4","*"," 0.00","I","999.9","000000"
"A0001823162","2019-01-11","39.38333","-112.51667","1450.5","DELTA FAA AIRPORT, UT US","  30.1","24","  29.3","24","9999.9"," 0","859.4","24","  6.2","24","  3.0","24","  7.0","999.9","  37.4","*","  21.2","*"," 0.00","I","999.9","000000"
"A0001823162","2019-01-12","39.38333","-112.51667","1450.5","DELTA FAA AIRPORT, UT US","  28.9","24","  28.8","24","9999.9"," 0","860.1","24","  2.9","24","  1.7","24","  7.0","999.9","  32.0","*","  26.6","*"," 0.00","I","999.9","000000"
"A0001823162","2019-01-13","39.38333","-112.51667","1450.5","DELTA FAA AIRPORT, UT US","  26.7","24","  24.5","24","9999.9"," 0","860.4","24","  8.3","24","  3.1","24","  8.0","999.9","  28.4","*","  24.8","*"," 0.00","I","999.9","000000"
"A0001823162","2019-01-14","39.38333","-112.51667","1450.5","DELTA FAA AIRPORT, UT US","  27.1","24","  22.6","24","9999.9"," 0","862.0","24","  8.2","24","  1.4","24","  6.0","999.9","  28.4","*","  26.6","*"," 0.00","I","999.9","000000"
"A0001823162","2019-01-15","39.38333","-112.51667","1450.5","DELTA FAA AIRPORT, UT US","  26.6","24","  24.7","24","9999.9"," 0","857.4","24","  5.1","24","  0.6","24","  5.1","999.9","  30.2","*","  23.0","*"," 0.00","I","999.9","000000"
"A0001823162","2019-01-16","39.38333","-112.51667","1450.5","DELTA FAA AIRPORT, UT US","  33.5","24","  31.9","24","9999.9"," 0","854.9","24","  5.8","24","  7.4","24"," 15.9"," 20.0","  41.0","*","  30.2","*"," 0.00","I","999.9","000000"
"A0001823162","2019-01-17","39.38333","-112.51667","1450.5","DELTA FAA AIRPORT, UT US","  40.1","24","  33.4","24","9999.9"," 0","854.5","24"," 10.0","24"," 12.5","24"," 28.0"," 39.0","  48.2","*","  37.4","*"," 0.00","I","999.9","000000"
"A0001823162","2019-01-18","39.38333","-112.51667","1450.5","DELTA FAA AIRPORT, UT US","  36.8","24","  32.0","24","9999.9"," 0","855.4","24","  9.9","24","  8.5","24"," 28.9"," 35.9","  46.4","*","  30.2","*"," 0.00","I","999.9","000000"
"A0001823162","2019-01-19","39.38333","-112.51667","1450.5","DELTA FAA AIRPORT, UT US","  32.1","24","  25.3","24","9999.9"," 0","864.5","24"," 10.0","24","  2.9","24","  7.0","999.9","  42.8","*","  24.8","*"," 0.00","I","999.9","000000"
"A0001823162","2019-01-20","39.38333","-112.51667","1450.5","DELTA FAA AIRPORT, UT US","  35.5","24","  29.1","24","9999.9"," 0","858.7","24"," 10.0","24","  5.5","21"," 17.1","999.9","  48.2","*","  30.2","*"," 0.00","I","999.9","000000"
"A0001823162","2019-01-21","39.38333","-112.51667","1450.5","DELTA FAA AIRPORT, UT US","  37.5","24","  30.4","24","9999.9"," 0","844.0","24","  8.6","24"," 13.4","24"," 27.0"," 35.9","  46.4","*","  32.0","*"," 0.00","I","999.9","000000"
"A0001823162","2019-01-22","39.38333","-112.51667","1450.5","DELTA FAA AIRPORT, UT US","  25.3","24","  20.5","24","9999.9"," 0","858.5","24","  9.9","24","  8.4","24"," 22.9"," 29.9","  32.0","*","  14.0","*"," 0.00","I","999.9","000000"
"A0001823162","2019-01-23","39.38333","-112.51667","1450.5","DELTA FAA AIRPORT, UT US","  16.9","24","  12.7","24","9999.9"," 0","864.4","24"," 10.0","24","  3.9","20","  8.0","999.9","  30.2","*","   6.8","*"," 0.00","I","999.9","000000"
"A0001823162","2019-01-24","39.38333","-112.51667","1450.5","DELTA FAA AIRPORT, UT US","  26.4","24","  21.6","24","9999.9"," 0","862.0","24"," 10.0","24","  2.5","22","  8.0","999.9","  33.8","*","  19.4","*"," 0.00","I","999.9","000000"
"A0001823162","2019-01-25","39.38333","-112.51667","1450.5","DELTA FAA AIRPORT, UT US","  26.4","24","  22.8","24","9999.9"," 0","862.6","24"," 10.0","24","  2.5","24","  6.0","999.9","  35.6","*","  15.8","*"," 0.00","I","999.9","000000"
"A0001823162","2019-01-26","39.38333","-112.51667","1450.5","DELTA FAA AIRPORT, UT US","  26.5","24","  22.1","24","9999.9"," 0","864.7","24"," 10.0","24","  3.2","23","  7.0","999.9","  39.2","*","  17.6","*"," 0.00","I","999.9","000000"
"A0001823162","2019-01-27","39.38333","-112.51667","1450.5","DELTA FAA AIRPORT, UT US","  29.6","24","  24.5","24","9999.9"," 0","864.8","24"," 10.0","24","  3.2","24","  7.0","999.9","  41.0","*","  23.0","*"," 0.00","I","999.9","000000"
"A0001823162","2019-01-28","39.38333","-112.51667","1450.5","DELTA FAA AIRPORT, UT US","  30.9","24","  26.0","24","9999.9"," 0","859.3","24"," 10.0","24","  3.0","24","  8.9","999.9","  44.6","*","  21.2","*"," 0.00","I","999.9","000000"
"A0001823162","2019-01-29","39.38333","-112.51667","1450.5","DELTA FAA AIRPORT, UT US","  32.5","24","  26.1","24","9999.9"," 0","858.1","24"," 10.0","24","  2.9","24","  6.0","999.9","  41.0","*","  26.6","*"," 0.00","I","999.9","000000"
"A0001823162","2019-01-30","39.38333","-112.51667","1450.5","DELTA FAA AIRPORT, UT US","  28.3","24","  23.7","24","9999.9"," 0","855.9","24"," 10.0","24","  1.9","24","  5.1","999.9","  39.2","*","  19.4","*"," 0.00","I","999.9","000000"
"A0001823162","2019-01-31","39.38333","-112.51667","1450.5","DELTA FAA AIRPORT, UT US","  29.5","23","  22.9","23","9999.9"," 0","854.7","23"," 10.0","23","  1.0","23","  7.0","999.9","  44.6","*","  17.6","*"," 0.00","I","999.9","000000"
"A0001823162","2019-02-01","39.38333","-112.51667","1450.5","DELTA FAA AIRPORT, UT US","  33.4","24","  24.7","24","9999.9"," 0","854.7","24"," 10.0","24","  2.3","24","  6.0","999.9","  51.8","*","  21.2","*"," 0.00","I","999.9","000000"
"A0001823162","2019-02-02","39.38333","-112.51667","1450.5","DELTA FAA AIRPORT, UT US","  41.1","24","  31.3","24","9999.9"," 0","850.6","24"," 10.0","24","  7.9","24"," 15.9"," 22.9","  51.8","*","  32.0","*"," 0.00","I","999.9","000000"
"A0001823162","2019-02-03","39.38333","-112.51667","1450.5","DELTA FAA AIRPORT, UT US","  42.5","24","  34.1","24","9999.9"," 0","842.7","24","  9.9","24"," 13.5","24"," 27.0"," 38.1","  50.0","*","  35.6","*"," 0.00","I","999.9","000000"
"A0001823162","2019-02-04","39.38333","-112.51667","1450.5","DELTA FAA AIRPORT, UT US","  41.5","24","  31.3","24","9999.9"," 0","843.4","24"," 10.0","24"," 17.5","24"," 33.0"," 45.1","  48.2","*","  37.4","*"," 0.00","I","999.9","000000"
"A0001823162","2019-02-05","39.38333","-112.51667","1450.5","DELTA FAA AIRPORT, UT US","  36.6","24","  29.8","24","9999.9"," 0","840.6","24","  9.8","24"," 16.3","24"," 24.1"," 33.0","  44.6","*","  32.0","*"," 0.00","I","999.9","000000"
"A0001823162","2019-02-06","39.38333","-112.51667","1450.5","DELTA FAA AIRPORT, UT US","  27.9","24","  23.0","24","9999.9"," 0","843.5","24","  7.3","24"," 10.5","24"," 18.1"," 22.9","  35.6","*","  23.0","*"," 0.00","I","999.9","000000"
"A0001823162","2019-02-07","39.38333","-112.51667","1450.5","DELTA FAA AIRPORT, UT US","  19.0","24","  14.4","24","9999.9"," 0","856.7","24","  9.1","24","  3.6","24","  6.0","999.9","  26.6","*","  12.2","*"," 0.00","I","999.9","000000"
"A0001823162","2019-02-08","39.38333","-112.51667","1450.5","DELTA FAA AIRPORT, UT US","  18.8","24","  11.3","24","9999.9"," 0","858.2","24"," 10.0","24","  2.7","24","  9.9"," 15.9","  32.0","*","  10.4","*"," 0.00","I","999.9","000000"
"A0001823162","2019-02-09","39.38333","-112.51667","1450.5","DELTA FAA AIRPORT, UT US","  30.0","24","  17.0","24","9999.9"," 0","849.6","24"," 10.0","24","  7.9","24"," 22.9"," 33.0","  37.4","*","  21.2","*"," 0.00","I","999.9","000000"
"A0001823162","2019-02-10","39.38333","-112.51667","1450.5","DELTA FAA AIRPORT, UT US","  33.7","24","  20.8","24","9999.9"," 0","846.2","24"," 10.0","24"," 14.7","24"," 33.0"," 40.0","  42.8","*","  28.4","*"," 0.00","I","999.9","000000"
"A0001823162","2019-02-11","39.38333","-112.51667","1450.5","DELTA FAA AIRPORT, UT US","  22.2","24","  15.7","24","9999.9"," 0","849.8","24","  9.3","19","  6.5","22"," 21.0"," 29.9","  39.2","*","   5.0","*"," 0.00","I","999.9","000000"
"A0001823162","2019-02-12","39.38333","-112.51667","1450.5","DELTA FAA AIRPORT, UT US","  19.6","24","  12.0","24","9999.9"," 0","858.3","24"," 10.0","24","  3.4","24","  9.9","999.9","  35.6","*","   8.6","*"," 0.00","I","999.9","000000"
"A0001823162","2019-02-13","39.38333","-112.51667","1450.5","DELTA FAA AIRPORT, UT US","  36.3","24","  19.8","24","9999.9"," 0","850.6","24"," 10.0","24"," 13.0","24"," 28.9"," 39.0","  41.0","*","  32.0","*"," 0.00","I","999.9","000000"
"A0001823162","2019-02-14","39.38333","-112.51667","1450.5","DELTA FAA AIRPORT, UT US","  37.9","24","  30.8","24","9999.9"," 0","846.4","24"," 10.0","24"," 16.4","24"," 28.0"," 41.0","  42.8","*","  35.6","*"," 0.00","I","999.9","000000"
"A0001823162","2019-02-15","39.38333","-112.51667","1450.5","DELTA FAA AIRPORT, UT US","  40.1","24","  33.0","24","9999.9"," 0","844.6","24"," 10.0","24"," 17.1","24"," 28.0"," 35.9","  50.0","*","  33.8","*"," 0.00","I","999.9","000000"
"A0001823162","2019-02-16","39.38333","-112.51667","1450.5","DELTA FAA AIRPORT, UT US","  31.1","24","  26.1","24","9999.9"," 0","847.6","24","  7.0","24","  7.7","24"," 22.0"," 28.0","  44.6","*","  24.8","*"," 0.00","I","999.9","000000"
"A0001823162","2019-02-17","39.38333","-112.51667","1450.5","DELTA FAA AIRPORT, UT US","  24.7","24","  19.3","24","9999.9"," 0","847.6","24","  8.4","24","  5.3","24","  9.9","999.9","  32.0","*","  21.2","*"," 0.00","I","999.9","000000"
"A0001823162","2019-02-18","39.38333","-112.51667","1450.5","DELTA FAA AIRPORT, UT US","  19.2","24","  16.7","24","9999.9"," 0","849.6","24","  9.5","24","  3.9","24"," 11.1","999.9","  30.2","*","   8.6","*"," 0.00","I","999.9","000000"
"A0001823162","2019-02-19","39.38333","-112.51667","1450.5","DELTA FAA AIRPORT, UT US","  23.5","24","  16.3","24","9999.9"," 0","852.5","24"," 10.0","24","  9.7","23"," 20.0"," 25.1","  28.4","*","  19.4","*"," 0.00","I","999.9","000000"
"A0001823162","2019-02-20","39.38333","-112.51667","1450.5","DELTA FAA AIRPORT, UT US","  19.6","24","  13.0","24","9999.9"," 0","847.9","24","  8.6","24","  5.5","24"," 13.0"," 15.0","  26.6","*","  12.2","*"," 0.00","I","999.9","000000"
"A0001823162","2019-02-21","39.38333","-112.51667","1450.5","DELTA FAA AIRPORT, UT US","  23.8","24","  20.6","24","9999.9"," 0","841.1","24","  7.4","24","  8.2","24"," 15.0"," 20.0","  30.2","*","  17.6","*"," 0.00","I","999.9","000000"
"A0001823162","2019-02-22","39.38333","-112.51667","1450.5","DELTA FAA AIRPORT, UT US","  23.0","24","  19.3","24","9999.9"," 0","846.4","24","  5.0","24","  7.6","24"," 14.0"," 18.1","  28.4","*","  17.6","*"," 0.00","I","999.9","000000"
"A0001823162","2019-02-23","39.38333","-112.51667","1450.5","DELTA FAA AIRPORT, UT US","  16.2","24","  11.3","24","9999.9"," 0","857.2","24","  9.4","24","  4.2","24","  8.9","999.9","  30.2","*","   5.0","*"," 0.00","I","999.9","000000"
"A0001823162","2019-02-24","39.38333","-112.51667","1450.5","DELTA FAA AIRPORT, UT US","  22.6","24","  13.4","24","9999.9"," 0","858.9","24"," 10.0","24","  3.4","24"," 11.1","999.9","  37.4","*","  10.4","*"," 0.00","I","999.9","000000"
"A0001823162","2019-02-25","39.38333","-112.51667","1450.5","DELTA FAA AIRPORT, UT US","  35.2","24","  22.4","24","9999.9"," 0","853.0","24"," 10.0","24"," 11.0","24"," 18.1"," 24.1","  44.6","*","  32.0","*"," 0.00","I","999.9","000000"
"A0001823162","2019-02-26","39.38333","-112.51667","1450.5","DELTA FAA AIRPORT, UT US","  40.7","24","  26.7","24","9999.9"," 0","852.1","24"," 10.0","24"," 16.1","24"," 24.1"," 31.1","  51.8","*","  35.6","*"," 0.00","I","999.9","000000"
"A0001823162","2019-02-27","39.38333","-112.51667","1450.5","DELTA FAA AIRPORT, UT US","  42.6","24","  28.3","24","9999.9"," 0","853.1","24"," 10.0","24"," 12.4","24"," 20.0"," 26.0","  55.4","*","  35.6","*"," 0.00","I","999.9","000000"
"A0001823162","2019-02-28","39.38333","-112.51667","1450.5","DELTA FAA AIRPORT, UT US","  45.0","20","  31.3","20","9999.9"," 0","852.2","20"," 10.0","20"," 12.2","20"," 20.0"," 28.9","  57.2","*","  35.6","*"," 0.00","I","999.9","000000"
"A0001823162","2019-03-01","39.38333","-112.51667","1450.5","DELTA FAA AIRPORT, UT US","  41.9","19","  33.6","19","9999.9"," 0","852.8","19"," 10.0","19","  4.4","19","  8.9","999.9","  51.8","*","  32.0","*"," 0.00","I","999.9","000000"
"A0001823162","2019-03-02","39.38333","-112.51667","1450.5","DELTA FAA AIRPORT, UT US","  39.2","24","  34.0","24","9999.9"," 0","850.4","24","  9.0","24","  4.7","24"," 11.1"," 15.0","  51.8","*","  32.0","*"," 0.00","I","999.9","000000"
"A0001823162","2019-03-03","39.38333","-112.51667","1450.5","DELTA FAA AIRPORT, UT US","  32.3","24","  32.0","24","9999.9"," 0","852.1","24","  5.4","24","  1.6","24","  7.0","999.9","  35.6","*","  32.0","*"," 0.00","I","999.9","000000"
"A0001823162","2019-03-04","39.38333","-112.51667","1450.5","DELTA FAA AIRPORT, UT US","  34.6","24","  31.3","24","9999.9"," 0","854.3","24","  8.6","24","  2.3","24","  6.0","999.9","  42.8","*","  32.0","*"," 0.00","I","999.9","000000"
"A0001823162","2019-03-05","39.38333","-112.51667","1450.5","DELTA FAA AIRPORT, UT US","  37.2","24","  30.5","24","9999.9"," 0","856.1","24"," 10.0","24","  4.0","24","  8.0","999.9","  50.0","*","  30.2","*"," 0.00","I","999.9","000000"
"A0001823162","2019-03-06","39.38333","-112.51667","1450.5","DELTA FAA AIRPORT, UT US","  44.3","19","  36.3","19","9999.9"," 0","849.3","19","  8.9","19"," 10.9","19"," 28.0"," 35.0","  48.2","*","  39.2","*"," 0.00","I","999.9","000000"
"A0001823162","2019-03-07","39.38333","-112.51667","1450.5","DELTA FAA AIRPORT, UT US","  43.9","24","  35.7","24","9999.9"," 0","849.5","24"," 10.0","24"," 13.8","24"," 25.1"," 31.1","  50.0","*","  41.0","*"," 0.00","I","999.9","000000"
"A0001823162","2019-03-08","39.38333","-112.51667","1450.5","DELTA FAA AIRPORT, UT US","  38.4","24","  33.3","24","9999.9"," 0","844.6","24","  8.1","24","  9.2","24"," 20.0"," 31.1","  48.2","*","  32.0","*"," 0.00","I","999.9","000000"
"A0001823162","2019-03-09","39.38333","-112.51667","1450.5","DELTA FAA AIRPORT, UT US","  33.2","24","  30.6","24","9999.9"," 0","848.7","24","  9.3","24","  4.4","24"," 15.0"," 22.9","  42.8","*","  26.6","*"," 0.00","I","999.9","000000"
"A0001823162","2019-03-10","39.38333","-112.51667","1450.5","DELTA FAA AIRPORT, UT US","  35.7","24","  29.4","24","9999.9"," 0","849.6","24"," 10.0","24","  3.6","24","  8.0"," 17.1","  42.8","*","  32.0","*"," 0.00","I","999.9","000000"
"A0001823162","2019-03-11","39.38333","-112.51667","1450.5","DELTA FAA AIRPORT, UT US","  36.0","24","  31.9","24","9999.9"," 0","854.6","24","  9.2","24","  5.3","24"," 12.0","999.9","  46.4","*","  32.0","*"," 0.00","I","999.9","000000"
"A0001823162","2019-03-12","39.38333","-112.51667","1450.5","DELTA FAA AIRPORT, UT US","  39.0","24","  32.6","24","9999.9"," 0","849.9","24"," 10.0","24","  4.7","24"," 12.0","999.9","  51.8","*","  32.0","*"," 0.00","I","999.9","000000"
"A0001823162","2019-03-13","39.38333","-112.51667","1450.5","DELTA FAA AIRPORT, UT US","  35.5","24","  27.0","24","9999.9"," 0","842.8","24","  8.6","24"," 16.5","24"," 28.0"," 38.1","  50.0","*","  28.4","*"," 0.00","I","999.9","000000"
"A0001823162","2019-03-14","39.38333","-112.51667","1450.5","DELTA FAA AIRPORT, UT US","  31.7","24","  23.1","24","9999.9"," 0","858.4","24"," 10.0","24","  8.1","24"," 18.1"," 22.9","  39.2","*","  28.4","*"," 0.00","I","999.9","000000"
"A0001823162","2019-03-15","39.38333","-112.51667","1450.5","DELTA FAA AIRPORT, UT US","  32.2","24","  21.7","24","9999.9"," 0","864.2","24"," 10.0","24","  4.2","24","  8.9","999.9","  46.4","*","  23.0","*"," 0.00","I","999.9","000000"
"A0001823162","2019-03-16","39.38333","-112.51667","1450.5","DELTA FAA AIRPORT, UT US","  35.9","24","  25.7","24","9999.9"," 0","862.4","24"," 10.0","24","  3.2","24","  8.9","999.9","  53.6","*","  26.6","*"," 0.00","I","999.9","000000"
"A0001823162","2019-03-17","39.38333","-112.51667","1450.5","DELTA FAA AIRPORT, UT US","  40.2","24","  28.6","24","9999.9"," 0","860.8","24","  9.9","24","  2.6","24","  8.0","999.9","  55.4","*","  28.4","*"," 0.00","I","999.9","000000"
"A0001823162","2019-03-18","39.38333","-112.51667","1450.5","DELTA FAA AIRPORT, UT US","  43.0","24","  26.2","24","9999.9"," 0","858.2","24"," 10.0","24","  2.7","24","  6.0","999.9","  57.2","*","  26.6","*"," 0.00","I","999.9","000000"
"A0001823162","2019-03-19","39.38333","-112.51667","1450.5","DELTA FAA AIRPORT, UT US","  43.5","24","  27.7","24","9999.9"," 0","858.4","24","  9.9","24","  3.3","24","  8.0","999.9","  57.2","*","  28.4","*"," 0.00","I","999.9","000000"
"A0001823162","2019-03-20","39.38333","-112.51667","1450.5","DELTA FAA AIRPORT, UT US","  46.6","24","  22.4","24","9999.9"," 0","856.6","24"," 10.0","24","  4.0","24"," 14.0"," 18.1","  62.6","*","  32.0","*"," 0.00","I","999.9","000000"
"A0001823162","2019-03-21","39.38333","-112.51667","1450.5","DELTA FAA AIRPORT, UT US","  49.3","24","  28.7","24","9999.9"," 0","852.0","24"," 10.0","24","  9.6","24"," 22.0"," 28.0","  60.8","*","  41.0","*"," 0.00","I","999.9","000000"
"A0001823162","2019-03-22","39.38333","-112.51667","1450.5","DELTA FAA AIRPORT, UT US","  39.4","24","  33.1","24","9999.9"," 0","852.5","24"," 10.0","24","  8.7","24"," 14.0"," 18.1","  50.0","*","  32.0","*"," 0.00","I","999.9","000000"
"A0001823162","2019-03-23","39.38333","-112.51667","1450.5","DELTA FAA AIRPORT, UT US","  41.8","24","  35.6","24","9999.9"," 0","855.7","24","  9.5","24","  3.5","24"," 14.0"," 17.1","  51.8","*","  32.0","*"," 0.00","I","999.9","000000"
"A0001823162","2019-03-24","39.38333","-112.51667","1450.5","DELTA FAA AIRPORT, UT US","  44.1","24","  33.5","24","9999.9"," 0","854.9","24","  9.9","24","  5.1","24"," 12.0"," 18.1","  55.4","*","  37.4","*"," 0.00","I","999.9","000000"
"A0001823162","2019-03-25","39.38333","-112.51667","1450.5","DELTA FAA AIRPORT, UT US","  42.7","24","  27.3","24","9999.9"," 0","861.2","24"," 10.0","24","  4.7","24","  8.9","999.9","  60.8","*","  28.4","*"," 0.00","I","999.9","000000"
"A0001823162","2019-03-26","39.38333","-112.51667","1450.5","DELTA FAA AIRPORT, UT US","  49.3","24","  27.4","24","9999.9"," 0","855.6","24"," 10.0","24","  6.5","24"," 18.1"," 22.9","  64.4","*","  35.6","*"," 0.00","I","999.9","000000"
"A0001823162","2019-03-27","39.38333","-112.51667","1450.5","DELTA FAA AIRPORT, UT US","  52.3","24","  22.0","24","9999.9"," 0","852.3","24"," 10.0","24"," 11.8","24"," 26.0"," 32.1","  68.0","*","  37.4","*"," 0.00","I","999.9","000000"
"A0001823162","2019-03-28","39.38333","-112.51667","1450.5","DELTA FAA AIRPORT, UT US","  51.0","24","  22.0","24","9999.9"," 0","853.1","24"," 10.0","24"," 10.3","24"," 20.0"," 28.9","  64.4","*","  42.8","*"," 0.00","I","999.9","000000"
"A0001823162","2019-03-29","39.38333","-112.51667","1450.5","DELTA FAA AIRPORT, UT US","  40.6","21","  30.0","21","9999.9"," 0","856.6","21","  9.8","21","  9.3","21"," 27.0"," 35.0","  60.8","*","  32.0","*"," 0.00","I","999.9","000000"
"A0001823162","2019-03-30","39.38333","-112.51667","1450.5","DELTA FAA AIRPORT, UT US","  37.5","23","  28.1","23","9999.9"," 0","860.8","23"," 10.0","23","  4.5","23"," 14.0"," 17.1","  48.2","*","  26.6","*"," 0.00","I","999.9","000000"
"A0001823162","2019-03-31","39.38333","-112.51667","1450.5","DELTA FAA AIRPORT, UT US","  38.2","21","  29.8","21","9999.9"," 0","860.5","21"," 10.0","21","  5.0","21"," 15.0"," 15.9","  50.0","*","  28.4","*"," 0.00","I","999.9","000000"
"A0001823162","2019-04-01","39.38333","-112.51667","1450.5","DELTA FAA AIRPORT, UT US","  42.9","24","  26.3","24","9999.9"," 0","857.5","24"," 10.0","24","  3.7","24","  8.9","999.9","  59.0","*","  28.4","*"," 0.00","I","999.9","000000"
"A0001823162","2019-04-02","39.38333","-112.51667","1450.5","DELTA FAA AIRPORT, UT US","  50.5","24","  28.5","24","9999.9"," 0","850.8","24"," 10.0","24","  7.0","24"," 21.0"," 29.9","  59.0","*","  44.6","*"," 0.00","I","999.9","000000"
"A0001823162","2019-04-03","39.38333","-112.51667","1450.5","DELTA FAA AIRPORT, UT US","  47.1","24","  35.2","24","9999.9"," 0","849.2","24","  9.7","24","  4.7","24"," 18.1"," 27.0","  55.4","*","  39.2","*"," 0.00","I","999.9","000000"
"A0001823162","2019-04-04","39.38333","-112.51667","1450.5","DELTA FAA AIRPORT, UT US","  48.9","24","  35.3","24","9999.9"," 0","854.6","24"," 10.0","24","  5.3","24"," 17.1"," 22.9","  64.4","*","  37.4","*"," 0.00","I","999.9","000000"
"A0001823162","2019-04-05","39.38333","-112.51667","1450.5","DELTA FAA AIRPORT, UT US","  51.4","24","  31.4","24","9999.9"," 0","850.8","24"," 10.0","24","  9.2","24"," 18.1"," 27.0","  62.6","*","  39.2","*"," 0.00","I","999.9","000000"
"A0001823162","2019-04-06","39.38333","-112.51667","1450.5","DELTA FAA AIRPORT, UT US","  49.3","24","  35.3","24","9999.9"," 0","852.0","24"," 10.0","24","  7.2","24"," 17.1"," 22.0","  59.0","*","  37.4","*"," 0.00","I","999.9","000000"
"A0001823162","2019-04-07","39.38333","-112.51667","1450.5","DELTA FAA AIRPORT, UT US","  48.0","24","  32.2","24","9999.9"," 0","858.8","24"," 10.0","24","  5.1","24"," 13.0"," 17.1","  66.2","*","  32.0","*"," 0.00","I","999.9","000000"
"A0001823162","2019-04-08","39.38333","-112.51667","1450.5","DELTA FAA AIRPORT, UT US","  54.4","24","  31.3","24","9999.9"," 0","859.4","24"," 10.0","24","  4.9","24","  9.9","999.9","  71.6","*","  39.2","*"," 0.00","I","999.9","000000"
"A0001823162","2019-04-09","39.38333","-112.51667","1450.5","DELTA FAA AIRPORT, UT US","  57.3","24","  33.1","24","9999.9"," 0","850.5","24","  9.6","24","  9.8","24"," 33.0"," 39.0","  69.8","*","  39.2","*"," 0.00","I","999.9","000000"
"A0001823162","2019-04-10","39.38333","-112.51667","1450.5","DELTA FAA AIRPORT, UT US","  37.2","24","  32.5","24","9999.9"," 0","849.2","24","  9.4","24"," 15.6","24"," 28.9"," 36.9","  42.8","*","  33.8","*"," 0.00","I","999.9","000000"
"A0001823162","2019-04-11","39.38333","-112.51667","1450.5","DELTA FAA AIRPORT, UT US","  38.5","24","  29.1","24","9999.9"," 0","852.6","24","  9.9","24"," 10.8","24"," 24.1"," 34.0","  44.6","*","  33.8","*"," 0.00","I","999.9","000000"
"A0001823162","2019-04-12","39.38333","-112.51667","1450.5","DELTA FAA AIRPORT, UT US","  38.9","24","  31.6","24","9999.9"," 0","848.6","24","  9.9","24","  4.7","24"," 15.0"," 24.1","  51.8","*","  32.0","*"," 0.00","I","999.9","000000"
"A0001823162","2019-04-13","39.38333","-112.51667","1450.5","DELTA FAA AIRPORT, UT US","  39.0","24","  30.4","24","9999.9"," 0","853.2","24"," 10.0","24","  4.6","24"," 13.0"," 18.1","  53.6","*","  28.4","*"," 0.00","I","999.9","000000"
"A0001823162","2019-04-14","39.38333","-112.51667","1450.5","DELTA FAA AIRPORT, UT US","  47.7","24","  30.7","24","9999.9"," 0","851.1","24"," 10.0","24","  8.4","24"," 19.0"," 27.0","  68.0","*","  32.0","*"," 0.00","I","999.9","000000"
"A0001823162","2019-04-15","39.38333","-112.51667","1450.5","DELTA FAA AIRPORT, UT US","  57.2","24","  30.7","24","9999.9"," 0","846.4","24"," 10.0","24"," 12.6","24"," 22.9"," 29.9","  64.4","*","  51.8","*"," 0.00","I","999.9","000000"
"A0001823162","2019-04-16","39.38333","-112.51667","1450.5","DELTA FAA AIRPORT, UT US","  49.7","24","  37.0","24","9999.9"," 0","846.6","24","  9.0","24","  9.0","24"," 15.9"," 24.1","  57.2","*","  42.8","*"," 0.00","I","999.9","000000"
"A0001823162","2019-04-17","39.38333","-112.51667","1450.5","DELTA FAA AIRPORT, UT US","  41.5","24","  35.6","24","9999.9"," 0","856.7","24","  7.5","24","  2.3","24"," 13.0"," 17.1","  57.2","*","  30.2","*"," 0.00","I","999.9","000000"
"A0001823162","2019-04-18","39.38333","-112.51667","1450.5","DELTA FAA AIRPORT, UT US","  48.0","24","  33.7","24","9999.9"," 0","862.5","24"," 10.0","24","  2.9","24"," 13.0"," 15.9","  64.4","*","  33.8","*"," 0.00","I","999.9","000000"
"A0001823162","2019-04-19","39.38333","-112.51667","1450.5","DELTA FAA AIRPORT, UT US","  54.2","24","  35.4","24","9999.9"," 0","859.6","24"," 10.0","24","  2.8","24"," 11.1"," 15.9","  73.4","*","  39.2","*"," 0.00","I","999.9","000000"
"A0001823162","2019-04-20","39.38333","-112.51667","1450.5","DELTA FAA AIRPORT, UT US","  60.2","24","  34.0","24","9999.9"," 0","849.7","24"," 10.0","24","  7.9","24"," 22.0"," 29.9","  73.4","*","  46.4","*"," 0.00","I","999.9","000000"
"A0001823162","2019-04-21","39.38333","-112.51667","1450.5","DELTA FAA AIRPORT, UT US","  54.4","24","  40.8","24","9999.9"," 0","848.1","24","  9.6","24","  7.6","24"," 18.1"," 28.0","  71.6","*","  44.6","*"," 0.00","I","999.9","000000"
"A0001823162","2019-04-22","39.38333","-112.51667","1450.5","DELTA FAA AIRPORT, UT US","  45.9","24","  38.7","24","9999.9"," 0","855.6","24","  9.8","24","  4.3","24"," 17.1"," 22.0","  62.6","*","  35.6","*"," 0.00","I","999.9","000000"
"A0001823162","2019-04-23","39.38333","-112.51667","1450.5","DELTA FAA AIRPORT, UT US","  48.6","24","  39.9","24","9999.9"," 0","858.1","24"," 10.0","24","  3.9","24","  9.9"," 20.0","  68.0","*","  35.6","*"," 0.00","I","999.9","000000"
"A0001823162","2019-04-24","39.38333","-112.51667","1450.5","DELTA FAA AIRPORT, UT US","  55.1","24","  37.6","24","9999.9"," 0","856.5","24"," 10.0","24","  3.6","24","  9.9"," 20.0","  71.6","*","  39.2","*"," 0.00","I","999.9","000000"
"A0001823162","2019-04-25","39.38333","-112.51667","1450.5","DELTA FAA AIRPORT, UT US","  56.7","24","  43.3","24","9999.9"," 0","856.8","24"," 10.0","24","  3.8","24"," 24.1"," 29.9","  73.4","*","  41.0","*"," 0.00","I","999.9","000000"
"A0001823162","2019-04-26","39.38333","-112.51667","1450.5","DELTA FAA AIRPORT, UT US","  59.5","24","  42.3","24","9999.9"," 0","854.9","24"," 10.0","24","  8.3","24"," 26.0"," 46.0","  77.0","*","  46.4","*"," 0.00","I","999.9","000000"
"A0001823162","2019-04-27","39.38333","-112.51667","1450.5","DELTA FAA AIRPORT, UT US","  56.8","24","  36.6","24","9999.9"," 0","853.3","24"," 10.0","24","  6.1","24"," 14.0"," 21.0","  71.6","*","  39.2","*"," 0.00","I","999.9","000000"
"A0001823162","2019-04-28","39.38333","-112.51667","1450.5","DELTA FAA AIRPORT, UT US","  58.0","24","  36.3","24","9999.9"," 0","848.2","24","  9.9","24","  6.8","24"," 20.0"," 25.1","  71.6","*","  46.4","*"," 0.00","I","999.9","000000"
"A0001823162","2019-04-29","39.38333","-112.51667","1450.5","DELTA FAA AIRPORT, UT US","  49.4","15","  26.6","15","9999.9"," 0","849.7","15"," 10.0","15","  8.3","15"," 17.1"," 22.9","  59.0","*","  41.0","*"," 0.00","I","999.9","000000"
"A0001823162","2019-04-30","39.38333","-112.51667","1450.5","DELTA FAA AIRPORT, UT US","  49.6","20","  40.0","20","9999.9"," 0","846.2","20","  9.5","20"," 11.9","20"," 34.0"," 42.0","  60.8","*","  39.2","*"," 0.00","I","999.9","000000"
"A0001823162","2019-05-01","39.38333","-112.51667","1450.5","DELTA FAA AIRPORT, UT US","  38.0","19","  26.7","19","9999.9"," 0","855.9","19"," 10.0","19","  4.2","19","  9.9","999.9","  50.0","*","  28.4","*"," 0.00","I","999.9","000000"
"A0001823162","2019-05-02","39.38333","-112.51667","1450.5","DELTA FAA AIRPORT, UT US","  43.3","24","  26.9","24","9999.9"," 0","855.9","24"," 10.0","24","  2.5","24","  8.0"," 14.0","  59.0","*","  32.0","*"," 0.00","I","999.9","000000"
"A0001823162","2019-05-03","39.38333","-112.51667","1450.5","DELTA FAA AIRPORT, UT US","  49.8","24","  29.2","24","9999.9"," 0","854.8","24"," 10.0","24","  3.5","24","  8.0","999.9","  64.4","*","  33.8","*"," 0.00","I","999.9","000000"
"A0001823162","2019-05-04","39.38333","-112.51667","1450.5","DELTA FAA AIRPORT, UT US","  55.1","24","  32.4","24","9999.9"," 0","852.7","24","  9.8","24","  3.7","24"," 24.1"," 33.0","  71.6","*","  37.4","*"," 0.00","I","999.9","000000"
"A0001823162","2019-05-05","39.38333","-112.51667","1450.5","DELTA FAA AIRPORT, UT US","  57.5","24","  34.0","24","9999.9"," 0","849.5","24"," 10.0","24","  5.1","24"," 24.1"," 32.1","  73.4","*","  42.8","*"," 0.00","I","999.9","000000"
"A0001823162","2019-05-06","39.38333","-112.51667","1450.5","DELTA FAA AIRPORT, UT US","  55.8","24","  35.1","24","9999.9"," 0","848.6","24"," 10.0","24","  5.3","24"," 14.0"," 21.0","  71.6","*","  39.2","*"," 0.00","I","999.9","000000"
"A0001823162","2019-05-07","39.38333","-112.51667","1450.5","DELTA FAA AIRPORT, UT US","  55.1","24","  37.3","24","9999.9"," 0","849.4","24","  9.7","24","  4.9","24"," 14.0","999.9","  68.0","*","  44.6","*"," 0.00","I","999.9","000000"
"A0001823162","2019-05-08","39.38333","-112.51667","1450.5","DELTA FAA AIRPORT, UT US","  49.1","24","  40.0","24","9999.9"," 0","851.5","24","  9.8","24","  5.5","24"," 17.1"," 24.1","  64.4","*","  41.0","*"," 0.00","I","999.9","000000"
"A0001823162","2019-05-09","39.38333","-112.51667","1450.5","DELTA FAA AIRPORT, UT US","  49.5","24","  33.4","24","9999.9"," 0","850.8","24"," 10.0","24","  6.5","24"," 15.9"," 22.0","  62.6","*","  35.6","*"," 0.00","I","999.9","000000"
"A0001823162","2019-05-10","39.38333","-112.51667","1450.5","DELTA FAA AIRPORT, UT US","  48.6","24","  33.4","24","9999.9"," 0","851.4","24"," 10.0","24","  6.8","24","  9.9"," 15.0","  60.8","*","  39.2","*"," 0.00","I","999.9","000000"
"A0001823162","2019-05-11","39.38333","-112.51667","1450.5","DELTA FAA AIRPORT, UT US","  51.9","24","  35.5","24","9999.9"," 0","853.7","24"," 10.0","24","  3.0","24","  8.0","999.9","  69.8","*","  35.6","*"," 0.00","I","999.9","000000"
"A0001823162","2019-05-12","39.38333","-112.51667","1450.5","DELTA FAA AIRPORT, UT US","  56.7","24","  31.0","24","9999.9"," 0","853.4","24"," 10.0","24","  4.5","24","  8.9"," 14.0","  73.4","*","  37.4","*"," 0.00","I","999.9","000000"
"A0001823162","2019-05-13","39.38333","-112.51667","1450.5","DELTA FAA AIRPORT, UT US","  60.3","24","  32.4","24","9999.9"," 0","853.3","24"," 10.0","24","  4.4","24","  8.9","999.9","  80.6","*","  41.0","*"," 0.00","I","999.9","000000"
"A0001823162","2019-05-14","39.38333","-112.51667","1450.5","DELTA FAA AIRPORT, UT US","  67.1","24","  31.5","24","9999.9"," 0","853.7","24"," 10.0","24","  8.1","24"," 15.9"," 25.1","  82.4","*","  51.8","*"," 0.00","I","999.9","000000"
"A0001823162","2019-05-15","39.38333","-112.51667","1450.5","DELTA FAA AIRPORT, UT US","  65.7","24","  33.0","24","9999.9"," 0","852.1","24"," 10.0","24"," 12.1","24"," 26.0"," 35.0","  78.8","*","  48.2","*"," 0.00","I","999.9","000000"
"A0001823162","2019-05-16","39.38333","-112.51667","1450.5","DELTA FAA AIRPORT, UT US","  63.7","24","  34.3","24","9999.9"," 0","846.4","24"," 10.0","24"," 11.8","24"," 28.9"," 42.9","  77.0","*","  48.2","*"," 0.00","I","999.9","000000"
"A0001823162","2019-05-17","39.38333","-112.51667","1450.5","DELTA FAA AIRPORT, UT US","  45.9","24","  36.0","24","9999.9"," 0","847.0","24","  9.8","24","  7.2","24"," 24.1"," 38.1","  60.8","*","  35.6","*"," 0.00","I","999.9","000000"
"A0001823162","2019-05-18","39.38333","-112.51667","1450.5","DELTA FAA AIRPORT, UT US","  45.1","24","  36.0","24","9999.9"," 0","851.1","24"," 10.0","24","  4.7","24"," 13.0"," 22.0","  59.0","*","  37.4","*"," 0.00","I","999.9","000000"
"A0001823162","2019-05-19","39.38333","-112.51667","1450.5","DELTA FAA AIRPORT, UT US","  50.4","24","  35.2","24","9999.9"," 0","845.6","24","  9.7","24","  8.0","24"," 28.9"," 39.0","  59.0","*","  41.0","*"," 0.00","I","999.9","000000"
"A0001823162","2019-05-20","39.38333","-112.51667","1450.5","DELTA FAA AIRPORT, UT US","  42.0","24","  34.3","24","9999.9"," 0","844.2","24"," 10.0","24","  6.2","24"," 18.1"," 22.9","  55.4","*","  32.0","*"," 0.00","I","999.9","000000"
"A0001823162","2019-05-21","39.38333","-112.51667","1450.5","DELTA FAA AIRPORT, UT US","  43.9","24","  37.9","24","9999.9"," 0","844.5","24","  9.5","24","  7.5","24"," 22.0"," 38.1","  51.8","*","  37.4","*"," 0.00","I","999.9","000000"
"A0001823162","2019-05-22","39.38333","-112.51667","1450.5","DELTA FAA AIRPORT, UT US","  41.9","24","  36.5","24","9999.9"," 0","843.2","24"," 10.0","24","  2.3","24"," 15.0"," 19.0","  50.0","*","  37.4","*"," 0.00","I","999.9","000000"
"A0001823162","2019-05-23","39.38333","-112.51667","1450.5","DELTA FAA AIRPORT, UT US","  44.4","24","  38.7","24","9999.9"," 0","845.5","24","  9.8","24","  9.2","24"," 24.1"," 32.1","  51.8","*","  35.6","*"," 0.00","I","999.9","000000"
"A0001823162","2019-05-24","39.38333","-112.51667","1450.5","DELTA FAA AIRPORT, UT US","  47.8","24","  40.5","24","9999.9"," 0","852.4","24","  9.5","24","  9.1","24"," 15.9"," 22.0","  62.6","*","  42.8","*"," 0.00","I","999.9","000000"
"A0001823162","2019-05-25","39.38333","-112.51667","1450.5","DELTA FAA AIRPORT, UT US","  53.4","24","  36.1","24","9999.9"," 0","850.8","24"," 10.0","24","  7.7","24"," 17.1"," 22.9","  68.0","*","  37.4","*"," 0.00","I","999.9","000000"
"A0001823162","2019-05-26","39.38333","-112.51667","1450.5","DELTA FAA AIRPORT, UT US","  56.6","24","  32.8","24","9999.9"," 0","847.4","24","  9.9","24","  7.6","24"," 20.0"," 31.1","  73.4","*","  39.2","*"," 0.00","I","999.9","000000"
"A0001823162","2019-05-27","39.38333","-112.51667","1450.5","DELTA FAA AIRPORT, UT US","  52.7","24","  36.1","24","9999.9"," 0","847.0","24","  9.7","24","  6.3","24"," 17.1"," 24.1","  68.0","*","  42.8","*"," 0.00","I","999.9","000000"
"A0001823162","2019-05-28","39.38333","-112.51667","1450.5","DELTA FAA AIRPORT, UT US","  47.2","24","  43.5","24","9999.9"," 0","849.5","24","  9.3","24","  4.8","24","  9.9","999.9","  55.4","*","  44.6","*"," 0.00","I","999.9","000000"
"A0001823162","2019-05-29","39.38333","-112.51667","1450.5","DELTA FAA AIRPORT, UT US","  51.0","24","  40.9","24","9999.9"," 0","852.4","24","  9.8","24","  1.3","24","  8.9","999.9","  68.0","*","  37.4","*"," 0.00","I","999.9","000000"
"A0001823162","2019-05-30","39.38333","-112.51667","1450.5","DELTA FAA AIRPORT, UT US","  57.7","24","  41.5","24","9999.9"," 0","853.4","24"," 10.0","24","  4.0","24"," 11.1"," 17.1","  71.6","*","  44.6","*"," 0.00","I","999.9","000000"
"A0001823162","2019-05-31","39.38333","-112.51667","1450.5","DELTA FAA AIRPORT, UT US","  53.8","22","  45.3","22","9999.9"," 0","855.8","22","  9.9","22","  4.7","22"," 13.0"," 24.1","  71.6","*","  42.8","*"," 0.00","I","999.9","000000"
"A0001823162","2019-06-01","39.38333","-112.51667","1450.5","DELTA FAA AIRPORT, UT US","  62.1","18","  44.7","18","9999.9"," 0","853.4","18"," 10.0","18","  8.9","18"," 14.0"," 20.0","  77.0","*","  51.8","*"," 0.00","I","999.9","000000"
"A0001823162","2019-06-02","39.38333","-112.51667","1450.5","DELTA FAA AIRPORT, UT US","  61.3","24","  43.3","24","9999.9"," 0","852.0","24"," 10.0","24","  5.1","24"," 17.1"," 20.0","  73.4","*","  46.4","*"," 0.00","I","999.9","000000"
"A0001823162","2019-06-03","39.38333","-112.51667","1450.5","DELTA FAA AIRPORT, UT US","  61.4","24","  41.4","24","9999.9"," 0","853.5","24"," 10.0","24","  4.4","24","  9.9"," 18.1","  78.8","*","  46.4","*"," 0.00","I","999.9","000000"
"A0001823162","2019-06-04","39.38333","-112.51667","1450.5","DELTA FAA AIRPORT, UT US","  64.2","24","  40.4","24","9999.9"," 0","854.8","24"," 10.0","24","  3.7","24"," 13.0"," 20.0","  80.6","*","  48.2","*"," 0.00","I","999.9","000000"
"A0001823162","2019-06-05","39.38333","-112.51667","1450.5","DELTA FAA AIRPORT, UT US","  67.2","24","  42.3","24","9999.9"," 0","855.2","24"," 10.0","24","  3.9","24"," 11.1"," 20.0","  84.2","*","  50.0","*"," 0.00","I","999.9","000000"
"A0001823162","2019-06-06","39.38333","-112.51667","1450.5","DELTA FAA AIRPORT, UT US","  70.1","24","  42.6","24","9999.9"," 0","852.8","24"," 10.0","24","  6.4","24"," 21.0"," 32.1","  86.0","*","  53.6","*"," 0.00","I","999.9","000000"
"A0001823162","2019-06-07","39.38333","-112.51667","1450.5","DELTA FAA AIRPORT, UT US","  72.6","24","  34.2","24","9999.9"," 0","849.0","24"," 10.0","24"," 15.0","24"," 35.0"," 45.1","  84.2","*","  60.8","*"," 0.00","I","999.9","000000"
"A0001823162","2019-06-08","39.38333","-112.51667","1450.5","DELTA FAA AIRPORT, UT US","  55.2","24","  28.5","24","9999.9"," 0","855.7","24","  9.9","24","  9.0","24"," 19.0"," 28.9","  77.0","*","  41.0","*"," 0.00","I","999.9","000000"
"A0001823162","2019-06-09","39.38333","-112.51667","1450.5","DELTA FAA AIRPORT, UT US","  53.2","24","  18.8","24","9999.9"," 0","864.8","24"," 10.0","24","  7.6","24"," 14.0"," 19.0","  71.6","*","  37.4","*"," 0.00","I","999.9","000000"
"A0001823162","2019-06-10","39.38333","-112.51667","1450.5","DELTA FAA AIRPORT, UT US","  59.6","24","  24.2","24","9999.9"," 0","863.6","24"," 10.0","24","  4.7","24"," 11.1","999.9","  80.6","*","  41.0","*"," 0.00","I","999.9","000000"
"A0001823162","2019-06-11","39.38333","-112.51667","1450.5","DELTA FAA AIRPORT, UT US","  66.3","24","  28.7","24","9999.9"," 0","861.3","24"," 10.0","24","  4.0","24"," 12.0"," 20.0","  84.2","*","  44.6","*"," 0.00","I","999.9","000000"
"A0001823162","2019-06-12","39.38333","-112.51667","1450.5","DELTA FAA AIRPORT, UT US","  69.0","24","  35.0","24","9999.9"," 0","859.4","24"," 10.0","24","  4.9","24","  8.9"," 15.9","  86.0","*","  50.0","*"," 0.00","I","999.9","000000"
"A0001823162","2019-06-13","39.38333","-112.51667","1450.5","DELTA FAA AIRPORT, UT US","  71.9","24","  38.6","24","9999.9"," 0","854.0","24"," 10.0","24","  3.5","24"," 28.9"," 38.1","  89.6","*","  51.8","*"," 0.00","I","999.9","000000"
"A0001823162","2019-06-14","39.38333","-112.51667","1450.5","DELTA FAA AIRPORT, UT US","  67.0","24","  41.1","24","9999.9"," 0","852.1","24","  9.9","24","  7.6","24"," 25.1"," 31.1","  82.4","*","  50.0","*"," 0.00","I","999.9","000000"
"A0001823162","2019-06-15","39.38333","-112.51667","1450.5","DELTA FAA AIRPORT, UT US","  68.4","24","  39.8","24","9999.9"," 0","853.4","24"," 10.0","24","  3.7","24"," 14.0"," 18.1","  86.0","*","  51.8","*"," 0.00","I","999.9","000000"
"A0001823162","2019-06-16","39.38333","-112.51667","1450.5","DELTA FAA AIRPORT, UT US","  66.8","24","  40.8","24","9999.9"," 0","853.1","24"," 10.0","24","  5.4","24"," 17.1"," 26.0","  84.2","*","  53.6","*"," 0.00","I","999.9","000000"
"A0001823162","2019-06-17","39.38333","-112.51667","1450.5","DELTA FAA AIRPORT, UT US","  66.5","24","  42.7","24","9999.9"," 0","853.8","24"," 10.0","24","  5.8","24"," 15.0"," 17.1","  77.0","*","  59.0","*"," 0.00","I","999.9","000000"
"A0001823162","2019-06-18","39.38333","-112.51667","1450.5","DELTA FAA AIRPORT, UT US","  67.5","24","  41.0","24","9999.9"," 0","855.7","24"," 10.0","24","  4.8","24"," 15.0"," 21.0","  86.0","*","  51.8","*"," 0.00","I","999.9","000000"
"A0001823162","2019-06-19","39.38333","-112.51667","1450.5","DELTA FAA AIRPORT, UT US","  70.1","24","  35.5","24","9999.9"," 0","854.1","24","  9.9","24","  4.8","24"," 15.0"," 18.1","  89.6","*","  51.8","*"," 0.00","I","999.9","000000"
"A0001823162","2019-06-20","39.38333","-112.51667","1450.5","DELTA FAA AIRPORT, UT US","  72.8","24","  31.6","24","9999.9"," 0","848.8","24"," 10.0","24","  7.7","24"," 24.1"," 42.9","  89.6","*","  53.6","*"," 0.00","I","999.9","000000"
"A0001823162","2019-06-21","39.38333","-112.51667","1450.5","DELTA FAA AIRPORT, UT US","  58.9","24","  28.6","24","9999.9"," 0","850.5","24","  9.9","24","  9.0","24"," 20.0"," 27.0","  73.4","*","  44.6","*"," 0.00","I","999.9","000000"
"A0001823162","2019-06-22","39.38333","-112.51667","1450.5","DELTA FAA AIRPORT, UT US","  54.7","24","  24.8","24","9999.9"," 0","855.2","24"," 10.0","24","  7.4","24"," 24.1"," 32.1","  68.0","*","  41.0","*"," 0.00","I","999.9","000000"
"A0001823162","2019-06-23","39.38333","-112.51667","1450.5","DELTA FAA AIRPORT, UT US","  57.1","24","  23.3","24","9999.9"," 0","857.6","24"," 10.0","24","  4.8","24"," 12.0"," 18.1","  77.0","*","  35.6","*"," 0.00","I","999.9","000000"
"A0001823162","2019-06-24","39.38333","-112.51667","1450.5","DELTA FAA AIRPORT, UT US","  66.0","24","  24.1","24","9999.9"," 0","853.6","24"," 10.0","24","  4.5","24"," 11.1"," 15.9","  86.0","*","  46.4","*"," 0.00","I","999.9","000000"
"A0001823162","2019-06-25","39.38333","-112.51667","1450.5","DELTA FAA AIRPORT, UT US","  76.8","24","  22.2","24","9999.9"," 0","850.3","24"," 10.0","24"," 10.8","24"," 21.0"," 29.9","  89.6","*","  64.4","*"," 0.00","I","999.9","000000"
"A0001823162","2019-06-26","39.38333","-112.51667","1450.5","DELTA FAA AIRPORT, UT US","  74.9","24","  22.2","24","9999.9"," 0","851.6","24"," 10.0","24"," 13.7","24"," 24.1"," 34.0","  87.8","*","  55.4","*"," 0.00","I","999.9","000000"
"A0001823162","2019-06-27","39.38333","-112.51667","1450.5","DELTA FAA AIRPORT, UT US","  73.7","24","  23.5","24","9999.9"," 0","853.6","24"," 10.0","24"," 13.2","24"," 25.1"," 32.1","  89.6","*","  55.4","*"," 0.00","I","999.9","000000"
"A0001823162","2019-06-28","39.38333","-112.51667","1450.5","DELTA FAA AIRPORT, UT US","  77.1","23","  20.0","23","9999.9"," 0","854.9","23"," 10.0","23"," 12.7","23"," 24.1"," 32.1","  93.2","*","  53.6","*"," 0.00","I","999.9","000000"
"A0001823162","2019-06-29","39.38333","-112.51667","1450.5","DELTA FAA AIRPORT, UT US","  75.2","24","  20.8","24","9999.9"," 0","855.8","24"," 10.0","24","  9.2","24"," 22.0"," 40.0","  91.4","*","  53.6","*"," 0.00","I","999.9","000000"
"A0001823162","2019-06-30","39.38333","-112.51667","1450.5","DELTA FAA AIRPORT, UT US","  74.1","24","  40.8","24","9999.9"," 0","856.6","24"," 10.0","24"," 10.5","24"," 26.0"," 35.0","  86.0","*","  62.6","*"," 0.00","I","999.9","000000"
"A0001823162","2019-07-01","39.38333","-112.51667","1450.5","DELTA FAA AIRPORT, UT US","  69.2","24","  42.8","24","9999.9"," 0","856.1","24"," 10.0","24","  4.7","24"," 14.0"," 20.0","  91.4","*","  53.6","*"," 0.00","I","999.9","000000"
"A0001823162","2019-07-02","39.38333","-112.51667","1450.5","DELTA FAA AIRPORT, UT US","  79.3","24","  27.3","24","9999.9"," 0","852.0","24"," 10.0","24","  9.3","24"," 19.0"," 28.9","  93.2","*","  62.6","*"," 0.00","I","999.9","000000"
"A0001823162","2019-07-03","39.38333","-112.51667","1450.5","DELTA FAA AIRPORT, UT US","  78.7","24","  22.1","24","9999.9"," 0","849.7","24"," 10.0","24"," 11.7","24"," 22.0"," 31.1","  91.4","*","  62.6","*"," 0.00","I","999.9","000000"
"A0001823162","2019-07-04","39.38333","-112.51667","1450.5","DELTA FAA AIRPORT, UT US","  70.8","24","  31.8","24","9999.9"," 0","851.3","24"," 10.0","24","  7.1","24"," 20.0"," 29.9","  87.8","*","  50.0","*"," 0.00","I","999.9","000000"
"A0001823162","2019-07-05","39.38333","-112.51667","1450.5","DELTA FAA AIRPORT, UT US","  69.4","24","  36.8","24","9999.9"," 0","856.5","24"," 10.0","24","  5.7","24"," 19.0"," 24.1","  87.8","*","  50.0","*"," 0.00","I","999.9","000000"
"A0001823162","2019-07-06","39.38333","-112.51667","1450.5","DELTA FAA AIRPORT, UT US","  74.6","24","  29.4","24","9999.9"," 0","857.2","24"," 10.0","24","  3.9","24"," 15.9"," 24.1","  91.4","*","  55.4","*"," 0.00","I","999.9","000000"
"A0001823162","2019-07-07","39.38333","-112.51667","1450.5","DELTA FAA AIRPORT, UT US","  77.5","24","  23.6","24","9999.9"," 0","854.0","24"," 10.0","24"," 11.4","24"," 22.0"," 35.0","  91.4","*","  55.4","*"," 0.00","I","999.9","000000"
"A0001823162","2019-07-08","39.38333","-112.51667","1450.5","DELTA FAA AIRPORT, UT US","  76.0","24","  24.2","24","9999.9"," 0","852.1","24"," 10.0","24"," 12.1","24"," 22.9"," 28.0","  87.8","*","  64.4","*"," 0.00","I","999.9","000000"
"A0001823162","2019-07-09","39.38333","-112.51667","1450.5","DELTA FAA AIRPORT, UT US","  74.2","24","  26.4","24","9999.9"," 0","854.7","24"," 10.0","24","  7.2","24"," 15.0"," 26.0","  89.6","*","  53.6","*"," 0.00","I","999.9","000000"
"A0001823162","2019-07-10","39.38333","-112.51667","1450.5","DELTA FAA AIRPORT, UT US","  77.8","24","  27.2","24","9999.9"," 0","858.1","24"," 10.0","24","  6.3","24"," 15.0"," 22.9","  96.8","*","  55.4","*"," 0.00","I","999.9","000000"
"A0001823162","2019-07-11","39.38333","-112.51667","1450.5","DELTA FAA AIRPORT, UT US","  81.5","24","  30.4","24","9999.9"," 0","858.0","24"," 10.0","24","  7.2","24"," 24.1"," 38.1","  96.8","*","  64.4","*"," 0.00","I","999.9","000000"
"A0001823162","2019-07-12","39.38333","-112.51667","1450.5","DELTA FAA AIRPORT, UT US","  78.1","24","  36.2","24","9999.9"," 0","856.6","24"," 10.0","24","  7.4","24"," 18.1"," 35.0","  96.8","*","  59.0","*"," 0.00","I","999.9","000000"
"A0001823162","2019-07-13","39.38333","-112.51667","1450.5","DELTA FAA AIRPORT, UT US","  82.1","24","  38.1","24","9999.9"," 0","855.3","24","  9.8","24","  7.0","24"," 29.9"," 48.0","  95.0","*","  69.8","*"," 0.00","I","999.9","000000"
"A0001823162","2019-07-14","39.38333","-112.51667","1450.5","DELTA FAA AIRPORT, UT US","  76.3","24","  47.1","24","9999.9"," 0","856.5","24"," 10.0","24","  6.0","24"," 14.0"," 17.1","  95.0","*","  60.8","*"," 0.00","I","999.9","000000"
"A0001823162","2019-07-15","39.38333","-112.51667","1450.5","DELTA FAA AIRPORT, UT US","  81.0","22","  37.7","22","9999.9"," 0","855.2","22"," 10.0","22","  8.6","22"," 15.9"," 24.1","  96.8","*","  68.0","*"," 0.00","I","999.9","000000"
"A0001823162","2019-07-16","39.38333","-112.51667","1450.5","DELTA FAA AIRPORT, UT US","  80.5","24","  26.3","24","9999.9"," 0","852.3","24"," 10.0","24","  8.5","24"," 19.0"," 25.1","  98.6","*","  60.8","*"," 0.00","I","999.9","000000"
"A0001823162","2019-07-17","39.38333","-112.51667","1450.5","DELTA FAA AIRPORT, UT US","  78.7","24","  25.9","24","9999.9"," 0","852.2","24"," 10.0","24","  7.9","24"," 14.0"," 21.0","  96.8","*","  60.8","*"," 0.00","I","999.9","000000"
"A0001823162","2019-07-18","39.38333","-112.51667","1450.5","DELTA FAA AIRPORT, UT US","  82.0","24","  24.5","24","9999.9"," 0","853.4","24"," 10.0","24"," 13.0","24"," 22.0"," 28.0","  96.8","*","  69.8","*"," 0.00","I","999.9","000000"
"A0001823162","2019-07-19","39.38333","-112.51667","1450.5","DELTA FAA AIRPORT, UT US","  82.6","24","  26.0","24","9999.9"," 0","851.7","24"," 10.0","24"," 11.7","24"," 20.0"," 26.0","  96.8","*","  66.2","*"," 0.00","I","999.9","000000"
"A0001823162","2019-07-20","39.38333","-112.51667","1450.5","DELTA FAA AIRPORT, UT US","  81.1","24","  24.9","24","9999.9"," 0","852.2","24"," 10.0","24"," 10.1","24"," 17.1"," 24.1","  96.8","*","  64.4","*"," 0.00","I","999.9","000000"
"A0001823162","2019-07-21","39.38333","-112.51667","1450.5","DELTA FAA AIRPORT, UT US","  79.9","24","  26.8","24","9999.9"," 0","854.3","24"," 10.0","24","  6.7","24"," 13.0"," 19.0","  96.8","*","  60.8","*"," 0.00","I","999.9","000000"
"A0001823162","2019-07-22","39.38333","-112.51667","1450.5","DELTA FAA AIRPORT, UT US","  83.7","24","  25.3","24","9999.9"," 0","856.2","24"," 10.0","24","  6.7","24"," 12.0"," 18.1","  98.6","*","  62.6","*"," 0.00","I","999.9","000000"
"A0001823162","2019-07-23","39.38333","-112.51667","1450.5","DELTA FAA AIRPORT, UT US","  85.9","24","  32.2","24","9999.9"," 0","857.3","24"," 10.0","24","  7.7","24"," 26.0"," 35.9","  98.6","*","  66.2","*"," 0.00","I","999.9","000000"
"A0001823162","2019-07-24","39.38333","-112.51667","1450.5","DELTA FAA AIRPORT, UT US","  79.0","24","  47.1","24","9999.9"," 0","859.1","24","  9.7","24","  5.8","24"," 28.0"," 39.0","  91.4","*","  68.0","*"," 0.00","I","999.9","000000"
"A0001823162","2019-07-25","39.38333","-112.51667","1450.5","DELTA FAA AIRPORT, UT US","  75.5","24","  54.1","24","9999.9"," 0","858.3","24","  9.9","24","  4.8","24"," 15.9"," 22.9","  89.6","*","  68.0","*"," 0.00","I","999.9","000000"
"A0001823162","2019-07-26","39.38333","-112.51667","1450.5","DELTA FAA AIRPORT, UT US","  73.6","24","  54.3","24","9999.9"," 0","858.5","24","  9.6","24","  6.0","24"," 25.1"," 46.0","  87.8","*","  64.4","*"," 0.00","I","999.9","000000"
"A0001823162","2019-07-27","39.38333","-112.51667","1450.5","DELTA FAA AIRPORT, UT US","  69.3","24","  57.9","24","9999.9"," 0","860.0","24","  9.7","24","  3.5","24"," 11.1"," 17.1","  86.0","*","  59.0","*"," 0.00","I","999.9","000000"
"A0001823162","2019-07-28","39.38333","-112.51667","1450.5","DELTA FAA AIRPORT, UT US","  75.1","24","  50.1","24","9999.9"," 0","859.5","24"," 10.0","24","  4.2","24"," 11.1"," 15.0","  91.4","*","  59.0","*"," 0.00","I","999.9","000000"
"A0001823162","2019-07-29","39.38333","-112.51667","1450.5","DELTA FAA AIRPORT, UT US","  80.2","24","  38.7","24","9999.9"," 0","855.7","24"," 10.0","24","  6.6","24"," 18.1"," 26.0","  98.6","*","  60.8","*"," 0.00","I","999.9","000000"
"A0001823162","2019-07-30","39.38333","-112.51667","1450.5","DELTA FAA AIRPORT, UT US","  83.3","23","  32.0","23","9999.9"," 0","853.6","23"," 10.0","23"," 10.3","23"," 17.1"," 22.9","  98.6","*","  69.8","*"," 0.00","I","999.9","000000"
"A0001823162","2019-07-31","39.38333","-112.51667","1450.5","DELTA FAA AIRPORT, UT US","  78.0","24","  46.0","24","9999.9"," 0","856.1","24"," 10.0","24"," 10.0","24"," 19.0"," 25.1","  95.0","*","  62.6","*"," 0.00","I","999.9","000000"
"A0001823162","2019-08-01","39.38333","-112.51667","1450.5","DELTA FAA AIRPORT, UT US","  68.3","24","  54.6","24","9999.9"," 0","858.4","24"," 10.0","24","  3.0","24","  8.9","999.9","  89.6","*","  57.2","*"," 0.00","I","999.9","000000"
"A0001823162","2019-08-02","39.38333","-112.51667","1450.5","DELTA FAA AIRPORT, UT US","  79.0","24","  42.2","24","9999.9"," 0","857.6","24"," 10.0","24","  2.9","24"," 11.1"," 17.1","  96.8","*","  60.8","*"," 0.00","I","999.9","000000"
"A0001823162","2019-08-03","39.38333","-112.51667","1450.5","DELTA FAA AIRPORT, UT US","  83.6","24","  40.8","24","9999.9"," 0","856.5","24"," 10.0","24","  7.1","24"," 15.0"," 24.1","  95.0","*","  69.8","*"," 0.00","I","999.9","000000"
"A0001823162","2019-08-04","39.38333","-112.51667","1450.5","DELTA FAA AIRPORT, UT US","  80.3","24","  43.9","24","9999.9"," 0","856.8","24"," 10.0","24","  6.4","24"," 14.0"," 21.0","  95.0","*","  62.6","*"," 0.00","I","999.9","000000"
"A0001823162","2019-08-05","39.38333","-112.51667","1450.5","DELTA FAA AIRPORT, UT US","  83.4","24","  39.0","24","9999.9"," 0","856.4","24"," 10.0","24","  7.6","24"," 13.0"," 19.0","  98.6","*","  68.0","*"," 0.00","I","999.9","000000"
"A0001823162","2019-08-06","39.38333","-112.51667","1450.5","DELTA FAA AIRPORT, UT US","  86.3","24","  35.3","24","9999.9"," 0","855.1","24"," 10.0","24","  5.7","24"," 18.1"," 25.1","  98.6","*","  73.4","*"," 0.00","I","999.9","000000"
"A0001823162","2019-08-07","39.38333","-112.51667","1450.5","DELTA FAA AIRPORT, UT US","  81.9","24","  40.0","24","9999.9"," 0","855.2","24","  9.8","24","  9.0","24"," 17.1"," 25.1","  91.4","*","  75.2","*"," 0.00","I","999.9","000000"
"A0001823162","2019-08-08","39.38333","-112.51667","1450.5","DELTA FAA AIRPORT, UT US","  74.5","24","  48.6","24","9999.9"," 0","855.2","24","  9.8","24","  6.2","24"," 24.1"," 41.0","  86.0","*","  66.2","*"," 0.00","I","999.9","000000"
"A0001823162","2019-08-09","39.38333","-112.51667","1450.5","DELTA FAA AIRPORT, UT US","  67.3","24","  49.3","24","9999.9"," 0","855.9","24","  9.8","24","  6.4","24"," 20.0"," 28.0","  91.4","*","  51.8","*"," 0.00","I","999.9","000000"
"A0001823162","2019-08-10","39.38333","-112.51667","1450.5","DELTA FAA AIRPORT, UT US","  78.1","24","  33.1","24","9999.9"," 0","853.4","24"," 10.0","24"," 10.7","24"," 22.0"," 35.0","  91.4","*","  60.8","*"," 0.00","I","999.9","000000"
"A0001823162","2019-08-11","39.38333","-112.51667","1450.5","DELTA FAA AIRPORT, UT US","  76.0","23","  28.9","23","9999.9"," 0","853.9","23"," 10.0","23","  9.8","23"," 18.1"," 26.0","  89.6","*","  59.0","*"," 0.00","I","999.9","000000"
"A0001823162","2019-08-12","39.38333","-112.51667","1450.5","DELTA FAA AIRPORT, UT US","  84.7"," 4","  28.8"," 4","9999.9"," 0","857.5"," 4"," 10.0"," 4","  3.7"," 4","  6.0","999.9","  86.0","*","  82.4","*"," 0.00","I","999.9","000000"
"A0001823162","2019-08-13","39.38333","-112.51667","1450.5","DELTA FAA AIRPORT, UT US","  73.3","21","  30.8","21","9999.9"," 0","857.8","21","  9.9","21","  4.0","21","  8.9"," 15.0","  91.4","*","  51.8","*"," 0.00","I","999.9","000000"
"A0001823162","2019-08-14","39.38333","-112.51667","1450.5","DELTA FAA AIRPORT, UT US","  78.8","24","  27.2","24","9999.9"," 0","858.0","24"," 10.0","24","  5.5","24"," 11.1"," 14.0","  95.0","*","  60.8","*"," 0.00","I","999.9","000000"
"A0001823162","2019-08-15","39.38333","-112.51667","1450.5","DELTA FAA AIRPORT, UT US","  79.5","24","  28.2","24","9999.9"," 0","857.1","24","  9.9","24","  4.6","24","  8.9"," 15.9","  95.0","*","  59.0","*"," 0.00","I","999.9","000000"
"A0001823162","2019-08-16","39.38333","-112.51667","1450.5","DELTA FAA AIRPORT, UT US","  77.5","24","  28.6","24","9999.9"," 0","854.0","24"," 10.0","24","  3.9","24"," 11.1","999.9","  95.0","*","  55.4","*"," 0.00","I","999.9","000000"
"A0001823162","2019-08-17","39.38333","-112.51667","1450.5","DELTA FAA AIRPORT, UT US","  77.5","24","  28.3","24","9999.9"," 0","851.3","24"," 10.0","24","  6.0","24","  9.9"," 14.0","  91.4","*","  59.0","*"," 0.00","I","999.9","000000"
"A0001823162","2019-08-18","39.38333","-112.51667","1450.5","DELTA FAA AIRPORT, UT US","  79.0","24","  25.6","24","9999.9"," 0","852.0","24"," 10.0","24","  8.9","24"," 15.9"," 21.0","  95.0","*","  60.8","*"," 0.00","I","999.9","000000"
"A0001823162","2019-08-19","39.38333","-112.51667","1450.5","DELTA FAA AIRPORT, UT US","  78.2","24","  22.5","24","9999.9"," 0","854.5","24"," 10.0","24"," 10.1","24"," 19.0"," 24.1","  93.2","*","  55.4","*"," 0.00","I","999.9","000000"
"A0001823162","2019-08-20","39.38333","-112.51667","1450.5","DELTA FAA AIRPORT, UT US","  77.4","24","  18.6","24","9999.9"," 0","855.7","24"," 10.0","24","  8.6","24"," 19.0"," 24.1","  96.8","*","  55.4","*"," 0.00","I","999.9","000000"
"A0001823162","2019-08-21","39.38333","-112.51667","1450.5","DELTA FAA AIRPORT, UT US","  78.1","24","  21.4","24","9999.9"," 0","854.7","24"," 10.0","24","  6.0","24","  9.9"," 17.1","  95.0","*","  53.6","*"," 0.00","I","999.9","000000"
"A0001823162","2019-08-22","39.38333","-112.51667","1450.5","DELTA FAA AIRPORT, UT US","  81.7","24","  17.1","24","9999.9"," 0","850.3","24","  9.4","24","  9.9","24"," 19.0"," 28.0","  95.0","*","  69.8","*"," 0.00","I","999.9","000000"
"A0001823162","2019-08-23","39.38333","-112.51667","1450.5","DELTA FAA AIRPORT, UT US","  72.5","24","  26.4","24","9999.9"," 0","851.9","24"," 10.0","24","  6.0","24"," 15.9"," 22.9","  91.4","*","  53.6","*"," 0.00","I","999.9","000000"
"A0001823162","2019-08-24","39.38333","-112.51667","1450.5","DELTA FAA AIRPORT, UT US","  77.2","24","  31.6","24","9999.9"," 0","854.0","24","  9.9","24","  7.5","24"," 18.1"," 22.9","  95.0","*","  60.8","*"," 0.00","I","999.9","000000"
"A0001823162","2019-08-25","39.38333","-112.51667","1450.5","DELTA FAA AIRPORT, UT US","  82.4","24","  34.8","24","9999.9"," 0","854.6","24"," 10.0","24"," 10.1","24"," 17.1"," 24.1","  96.8","*","  69.8","*"," 0.00","I","999.9","000000"
"A0001823162","2019-08-26","39.38333","-112.51667","1450.5","DELTA FAA AIRPORT, UT US","  76.3","24","  31.2","24","9999.9"," 0","855.8","24"," 10.0","24","  6.2","24"," 11.1"," 17.1","  96.8","*","  60.8","*"," 0.00","I","999.9","000000"
"A0001823162","2019-08-27","39.38333","-112.51667","1450.5","DELTA FAA AIRPORT, UT US","  70.0","24","  24.2","24","9999.9"," 0","857.4","24"," 10.0","24","  5.0","24","  9.9"," 15.9","  89.6","*","  46.4","*"," 0.00","I","999.9","000000"
"A0001823162","2019-08-28","39.38333","-112.51667","1450.5","DELTA FAA AIRPORT, UT US","  71.8","24","  24.4","24","9999.9"," 0","856.7","24","  9.3","24","  4.1","24"," 21.0"," 27.0","  96.8","*","  50.0","*"," 0.00","I","999.9","000000"
"A0001823162","2019-08-29","39.38333","-112.51667","1450.5","DELTA FAA AIRPORT, UT US","  76.8","24","  41.9","24","9999.9"," 0","857.3","24","  9.9","24","  7.7","24"," 22.0"," 28.9","  95.0","*","  60.8","*"," 0.00","I","999.9","000000"
"A0001823162","2019-08-30","39.38333","-112.51667","1450.5","DELTA FAA AIRPORT, UT US","  82.6","24","  39.1","24","9999.9"," 0","855.5","24"," 10.0","24","  8.3","24"," 15.0"," 20.0","  96.8","*","  69.8","*"," 0.00","I","999.9","000000"
"A0001823162","2019-08-31","39.38333","-112.51667","1450.5","DELTA FAA AIRPORT, UT US","  77.5","23","  32.9","23","9999.9"," 0","855.7","23"," 10.0","23","  6.8","23"," 13.0"," 15.0","  95.0","*","  59.0","*"," 0.00","I","999.9","000000"
"A0001823162","2019-09-01","39.38333","-112.51667","1450.5","DELTA FAA AIRPORT, UT US","  78.0","18","  24.9","18","9999.9"," 0","856.5","18"," 10.0","18","  7.4","18"," 12.0"," 19.0","  96.8","*","  53.6","*"," 0.00","I","999.9","000000"
"A0001823162","2019-09-02","39.38333","-112.51667","1450.5","DELTA FAA AIRPORT, UT US","  81.7","24","  26.0","24","9999.9"," 0","856.5","24","  9.9","24","  9.2","24"," 15.9"," 19.0","  96.8","*","  66.2","*"," 0.00","I","999.9","000000"
"A0001823162","2019-09-03","39.38333","-112.51667","1450.5","DELTA FAA AIRPORT, UT US","  79.8","24","  40.6","24","9999.9"," 0","857.5","24","  9.8","24","  4.6","24"," 12.0"," 19.0","  93.2","*","  69.8","*"," 0.00","I","999.9","000000"
"A0001823162","2019-09-04","39.38333","-112.51667","1450.5","DELTA FAA AIRPORT, UT US","  76.2","24","  41.6","24","9999.9"," 0","856.8","24"," 10.0","24","  5.3","24"," 19.0"," 22.0","  95.0","*","  59.0","*"," 0.00","I","999.9","000000"
"A0001823162","2019-09-05","39.38333","-112.51667","1450.5","DELTA FAA AIRPORT, UT US","  78.9","24","  40.7","24","9999.9"," 0","858.3","24","  9.5","24","  5.9","24"," 25.1"," 35.9","  95.0","*","  60.8","*"," 0.00","I","999.9","000000"
"A0001823162","2019-09-06","39.38333","-112.51667","1450.5","DELTA FAA AIRPORT, UT US","  73.0","24","  48.7","24","9999.9"," 0","859.5","24","  9.6","24","  5.8","24"," 20.0"," 28.0","  89.6","*","  60.8","*"," 0.00","I","999.9","000000"
"A0001823162","2019-09-07","39.38333","-112.51667","1450.5","DELTA FAA AIRPORT, UT US","  73.3","24","  46.7","24","9999.9"," 0","857.9","24","  9.6","24","  3.7","24","  8.0","999.9","  87.8","*","  57.2","*"," 0.00","I","999.9","000000"
"A0001823162","2019-09-08","39.38333","-112.51667","1450.5","DELTA FAA AIRPORT, UT US","  75.3","24","  37.6","24","9999.9"," 0","849.7","24"," 10.0","24","  9.9","24"," 25.1"," 32.1","  87.8","*","  66.2","*"," 0.00","I","999.9","000000"
"A0001823162","2019-09-09","39.38333","-112.51667","1450.5","DELTA FAA AIRPORT, UT US","  65.4","24","  39.1","24","9999.9"," 0","852.0","24","  9.9","24","  5.3","24"," 13.0"," 20.0","  82.4","*","  46.4","*"," 0.00","I","999.9","000000"
"A0001823162","2019-09-10","39.38333","-112.51667","1450.5","DELTA FAA AIRPORT, UT US","  70.0","24","  31.3","24","9999.9"," 0","849.0","24","  9.9","24"," 13.4","24"," 26.0"," 34.0","  82.4","*","  57.2","*"," 0.00","I","999.9","000000"
"A0001823162","2019-09-11","39.38333","-112.51667","1450.5","DELTA FAA AIRPORT, UT US","  60.0","24","  41.0","24","9999.9"," 0","853.1","24","  9.3","24","  7.9","24"," 22.0"," 31.1","  78.8","*","  50.0","*"," 0.00","I","999.9","000000"
"A0001823162","2019-09-12","39.38333","-112.51667","1450.5","DELTA FAA AIRPORT, UT US","  53.5","24","  41.0","24","9999.9"," 0","862.4","24"," 10.0","24","  4.2","24","  9.9","999.9","  71.6","*","  42.8","*"," 0.00","I","999.9","000000"
"A0001823162","2019-09-13","39.38333","-112.51667","1450.5","DELTA FAA AIRPORT, UT US","  59.4","24","  37.2","24","9999.9"," 0","861.7","24"," 10.0","24","  2.9","24","  6.0","999.9","  78.8","*","  42.8","*"," 0.00","I","999.9","000000"
"A0001823162","2019-09-14","39.38333","-112.51667","1450.5","DELTA FAA AIRPORT, UT US","  65.9","24","  33.0","24","9999.9"," 0","859.3","24"," 10.0","24","  3.4","24","  8.0","999.9","  87.8","*","  48.2","*"," 0.00","I","999.9","000000"
"A0001823162","2019-09-15","39.38333","-112.51667","1450.5","DELTA FAA AIRPORT, UT US","  71.5","24","  27.4","24","9999.9"," 0","855.4","24"," 10.0","24","  8.2","24"," 20.0"," 28.9","  89.6","*","  51.8","*"," 0.00","I","999.9","000000"
"A0001823162","2019-09-16","39.38333","-112.51667","1450.5","DELTA FAA AIRPORT, UT US","  73.2","24","  34.8","24","9999.9"," 0","851.7","24","  9.7","24"," 13.9","24"," 31.1"," 44.1","  86.0","*","  60.8","*"," 0.00","I","999.9","000000"
"A0001823162","2019-09-17","39.38333","-112.51667","1450.5","DELTA FAA AIRPORT, UT US","  67.0","24","  29.0","24","9999.9"," 0","851.7","24"," 10.0","24"," 10.6","24"," 25.1"," 35.0","  78.8","*","  51.8","*"," 0.00","I","999.9","000000"
"A0001823162","2019-09-18","39.38333","-112.51667","1450.5","DELTA FAA AIRPORT, UT US","  59.6","24","  28.3","24","9999.9"," 0","853.4","24","  9.8","24","  6.6","24"," 22.0"," 29.9","  80.6","*","  41.0","*"," 0.00","I","999.9","000000"
"A0001823162","2019-09-19","39.38333","-112.51667","1450.5","DELTA FAA AIRPORT, UT US","  65.6","24","  17.5","24","9999.9"," 0","848.8","24","  9.9","24"," 11.5","24"," 26.0"," 39.0","  80.6","*","  46.4","*"," 0.00","I","999.9","000000"
"A0001823162","2019-09-20","39.38333","-112.51667","1450.5","DELTA FAA AIRPORT, UT US","  52.7","24","  34.7","24","9999.9"," 0","851.3","24","  9.8","24","  8.7","24"," 26.0"," 32.1","  66.2","*","  42.8","*"," 0.00","I","999.9","000000"
"A0001823162","2019-09-21","39.38333","-112.51667","1450.5","DELTA FAA AIRPORT, UT US","  50.4","24","  32.9","24","9999.9"," 0","857.0","24"," 10.0","24","  4.3","24"," 14.0"," 19.0","  64.4","*","  37.4","*"," 0.00","I","999.9","000000"
"A0001823162","2019-09-22","39.38333","-112.51667","1450.5","DELTA FAA AIRPORT, UT US","  53.0","24","  28.7","24","9999.9"," 0","857.8","24"," 10.0","24","  3.7","24","  7.0","999.9","  73.4","*","  37.4","*"," 0.00","I","999.9","000000"
"A0001823162","2019-09-23","39.38333","-112.51667","1450.5","DELTA FAA AIRPORT, UT US","  64.2","24","  24.3","24","9999.9"," 0","855.3","24","  9.9","24","  6.8","24"," 11.1"," 17.1","  77.0","*","  51.8","*"," 0.00","I","999.9","000000"
"A0001823162","2019-09-24","39.38333","-112.51667","1450.5","DELTA FAA AIRPORT, UT US","  59.9","24","  30.0","24","9999.9"," 0","858.9","24"," 10.0","24","  4.7","24"," 15.0"," 19.0","  77.0","*","  41.0","*"," 0.00","I","999.9","000000"
"A0001823162","2019-09-25","39.38333","-112.51667","1450.5","DELTA FAA AIRPORT, UT US","  61.1","24","  34.9","24","9999.9"," 0","857.0","24","  9.9","24","  3.7","24","  8.9"," 18.1","  78.8","*","  42.8","*"," 0.00","I","999.9","000000"
"A0001823162","2019-09-26","39.38333","-112.51667","1450.5","DELTA FAA AIRPORT, UT US","  62.4","24","  35.6","24","9999.9"," 0","855.0","24"," 10.0","24","  2.8","24","  8.9","999.9","  80.6","*","  42.8","*"," 0.00","I","999.9","000000"
"A0001823162","2019-09-27","39.38333","-112.51667","1450.5","DELTA FAA AIRPORT, UT US","  68.6","24","  40.4","24","9999.9"," 0","849.5","24"," 10.0","24"," 10.8","24"," 21.0"," 28.9","  80.6","*","  59.0","*"," 0.00","I","999.9","000000"
"A0001823162","2019-09-28","39.38333","-112.51667","1450.5","DELTA FAA AIRPORT, UT US","  66.9","24","  40.6","24","9999.9"," 0","843.6","24"," 10.0","24"," 14.9","24"," 32.1"," 45.1","  77.0","*","  59.0","*"," 0.00","I","999.9","000000"
"A0001823162","2019-09-29","39.38333","-112.51667","1450.5","DELTA FAA AIRPORT, UT US","  55.3","24","  37.5","24","9999.9"," 0","842.5","24","  9.8","24"," 13.0","24"," 26.0"," 40.0","  73.4","*","  39.2","*"," 0.00","I","999.9","000000"
"A0001823162","2019-09-30","39.38333","-112.51667","1450.5","DELTA FAA AIRPORT, UT US","  42.8","12","  31.0","12","9999.9"," 0","848.0","12"," 10.0","12","  6.4","12"," 14.0"," 19.0","  55.4","*","  32.0","*"," 0.00","I","999.9","000000"
"A0001823162","2019-10-01","39.38333","-112.51667","1450.5","DELTA FAA AIRPORT, UT US","  45.0","24","  27.6","24","9999.9"," 0","850.1","24","  9.8","24","  4.1","24"," 11.1"," 15.0","  60.8","*","  30.2","*"," 0.00","I","999.9","000000"
"A0001823162","2019-10-02","39.38333","-112.51667","1450.5","DELTA FAA AIRPORT, UT US","  45.1","24","  26.8","24","9999.9"," 0","855.0","24"," 10.0","24","  4.5","24","  9.9","999.9","  60.8","*","  32.0","*"," 0.00","I","999.9","000000"
"A0001823162","2019-10-03","39.38333","-112.51667","1450.5","DELTA FAA AIRPORT, UT US","  47.3","24","  22.4","24","9999.9"," 0","856.1","24","  9.4","24","  2.6","24"," 22.9"," 31.1","  75.2","*","  28.4","*"," 0.00","I","999.9","000000"
"A0001823162","2019-10-04","39.38333","-112.51667","1450.5","DELTA FAA AIRPORT, UT US","  58.9","24","  17.7","24","9999.9"," 0","852.2","24","  9.9","24"," 12.8","24"," 22.9"," 29.9","  73.4","*","  46.4","*"," 0.00","I","999.9","000000"
"A0001823162","2019-10-05","39.38333","-112.51667","1450.5","DELTA FAA AIRPORT, UT US","  46.5","24","  22.6","24","9999.9"," 0","861.0","24"," 10.0","24","  5.3","24"," 20.0"," 25.1","  60.8","*","  30.2","*"," 0.00","I","999.9","000000"
"A0001823162","2019-10-06","39.38333","-112.51667","1450.5","DELTA FAA AIRPORT, UT US","  47.8","24","  22.0","24","9999.9"," 0","863.0","24"," 10.0","24","  4.3","24"," 11.1","999.9","  60.8","*","  32.0","*"," 0.00","I","999.9","000000"
"A0001823162","2019-10-07","39.38333","-112.51667","1450.5","DELTA FAA AIRPORT, UT US","  46.4","24","  17.8","24","9999.9"," 0","861.8","24"," 10.0","24","  2.9","24","  8.0","999.9","  68.0","*","  30.2","*"," 0.00","I","999.9","000000"
"A0001823162","2019-10-08","39.38333","-112.51667","1450.5","DELTA FAA AIRPORT, UT US","  52.9","24","  18.1","24","9999.9"," 0","853.8","24"," 10.0","24","  3.0","24"," 11.1"," 14.0","  78.8","*","  33.8","*"," 0.00","I","999.9","000000"
"A0001823162","2019-10-09","39.38333","-112.51667","1450.5","DELTA FAA AIRPORT, UT US","  60.1","24","  17.9","24","9999.9"," 0","847.1","24","  9.8","24"," 12.7","24"," 26.0"," 31.1","  77.0","*","  48.2","*"," 0.00","I","999.9","000000"
"A0001823162","2019-10-10","39.38333","-112.51667","1450.5","DELTA FAA AIRPORT, UT US","  37.4","17","   8.0","17","9999.9"," 0","857.9","17"," 10.0","17","  9.0","17"," 20.0"," 25.1","  44.6","*","  26.6","*"," 0.00","I","999.9","000000"
"A0001823162","2019-10-11","39.38333","-112.51667","1450.5","DELTA FAA AIRPORT, UT US","  32.3","24","   7.8","24","9999.9"," 0","864.3","24"," 10.0","24","  4.6","24"," 12.0"," 15.0","  53.6","*","  15.8","*"," 0.00","I","999.9","000000"
"A0001823162","2019-10-12","39.38333","-112.51667","1450.5","DELTA FAA AIRPORT, UT US","  37.2","24","   3.5","24","9999.9"," 0","858.5","24","  9.7","24","  2.8","24","  7.0","999.9","  59.0","*","  19.4","*"," 0.00","I","999.9","000000"
"A0001823162","2019-10-13","39.38333","-112.51667","1450.5","DELTA FAA AIRPORT, UT US","  42.8","24","   5.1","24","9999.9"," 0","854.3","24"," 10.0","24","  2.3","24","  8.0","999.9","  68.0","*","  28.4","*"," 0.00","I","999.9","000000"
"A0001823162","2019-10-14","39.38333","-112.51667","1450.5","DELTA FAA AIRPORT, UT US","  51.3","24","   7.4","24","9999.9"," 0","853.0","24","  9.8","24","  4.9","24","  9.9","999.9","  68.0","*","  32.0","*"," 0.00","I","999.9","000000"
"A0001823162","2019-10-15","39.38333","-112.51667","1450.5","DELTA FAA AIRPORT, UT US","  47.7","24","   6.6","24","9999.9"," 0","858.3","24","  9.5","24","  1.6","24","  7.0","999.9","  69.8","*","  26.6","*"," 0.00","I","999.9","000000"
"A0001823162","2019-10-16","39.38333","-112.51667","1450.5","DELTA FAA AIRPORT, UT US","  51.9","24","   7.9","24","9999.9"," 0","858.9","24","  9.8","24","  3.7","24"," 12.0"," 17.1","  78.8","*","  32.0","*"," 0.00","I","999.9","000000"
"A0001823162","2019-10-17","39.38333","-112.51667","1450.5","DELTA FAA AIRPORT, UT US","  60.8","24","  16.7","24","9999.9"," 0","849.0","24","  9.9","24"," 11.7","24"," 27.0"," 36.9","  73.4","*","  44.6","*"," 0.00","I","999.9","000000"
"A0001823162","2019-10-18","39.38333","-112.51667","1450.5","DELTA FAA AIRPORT, UT US","  47.0","24","  32.1","24","9999.9"," 0","850.6","24","  9.5","24","  8.1","24"," 32.1"," 42.0","  69.8","*","  32.0","*"," 0.00","I","999.9","000000"
"A0001823162","2019-10-19","39.38333","-112.51667","1450.5","DELTA FAA AIRPORT, UT US","  42.9","24","  26.2","24","9999.9"," 0","852.2","24","  9.8","24","  6.0","24"," 22.9"," 28.9","  66.2","*","  30.2","*"," 0.00","I","999.9","000000"
"A0001823162","2019-10-20","39.38333","-112.51667","1450.5","DELTA FAA AIRPORT, UT US","  38.6","24","  27.4","24","9999.9"," 0","854.3","24"," 10.0","24","  7.0","24"," 27.0"," 38.1","  50.0","*","  26.6","*"," 0.00","I","999.9","000000"
"A0001823162","2019-10-21","39.38333","-112.51667","1450.5","DELTA FAA AIRPORT, UT US","  39.8","24","  20.2","24","9999.9"," 0","858.6","24"," 10.0","24","  4.3","24"," 13.0"," 19.0","  57.2","*","  28.4","*"," 0.00","I","999.9","000000"
"A0001823162","2019-10-22","39.38333","-112.51667","1450.5","DELTA FAA AIRPORT, UT US","  43.7","24","  25.2","24","9999.9"," 0","863.5","24"," 10.0","24","  3.8","24"," 13.0"," 19.0","  60.8","*","  28.4","*"," 0.00","I","999.9","000000"
"A0001823162","2019-10-23","39.38333","-112.51667","1450.5","DELTA FAA AIRPORT, UT US","  45.5","24","  23.5","24","9999.9"," 0","859.9","24"," 10.0","24","  4.7","24"," 15.9"," 21.0","  60.8","*","  30.2","*"," 0.00","I","999.9","000000"
"A0001823162","2019-10-24","39.38333","-112.51667","1450.5","DELTA FAA AIRPORT, UT US","  40.6","24","  18.6","24","9999.9"," 0","863.6","24"," 10.0","24","  4.3","24"," 14.0"," 19.0","  53.6","*","  28.4","*"," 0.00","I","999.9","000000"
"A0001823162","2019-10-25","39.38333","-112.51667","1450.5","DELTA FAA AIRPORT, UT US","  39.8","24","  14.2","24","9999.9"," 0","865.9","24"," 10.0","24","  2.0","24","  8.0","999.9","  59.0","*","  23.0","*"," 0.00","I","999.9","000000"
"A0001823162","2019-10-26","39.38333","-112.51667","1450.5","DELTA FAA AIRPORT, UT US","  46.5","24","  20.8","24","9999.9"," 0","853.8","24"," 10.0","24","  4.6","24","  8.9","999.9","  71.6","*","  30.2","*"," 0.00","I","999.9","000000"
"A0001823162","2019-10-27","39.38333","-112.51667","1450.5","DELTA FAA AIRPORT, UT US","  37.2","24","  19.9","24","9999.9"," 0","850.3","24","  9.4","24"," 10.9","24"," 20.0"," 28.0","  59.0","*","  30.2","*"," 0.00","I","999.9","000000"
"A0001823162","2019-10-28","39.38333","-112.51667","1450.5","DELTA FAA AIRPORT, UT US","  25.4","24","   4.1","24","9999.9"," 0","856.6","24"," 10.0","24","  5.8","24"," 12.0","999.9","  37.4","*","  10.4","*"," 0.00","I","999.9","000000"
"A0001823162","2019-10-29","39.38333","-112.51667","1450.5","DELTA FAA AIRPORT, UT US","  32.2","24","  11.4","24","9999.9"," 0","850.4","24","  9.6","24","  9.3","24"," 22.9"," 28.9","  35.6","*","  26.6","*"," 0.00","I","999.9","000000"
"A0001823162","2019-10-30","39.38333","-112.51667","1450.5","DELTA FAA AIRPORT, UT US","  18.5","24","   5.3","24","9999.9"," 0","864.1","24"," 10.0","24","  3.7","24"," 18.1"," 22.9","  32.0","*","   5.0","*"," 0.00","I","999.9","000000"
"A0001823162","2019-10-31","39.38333","-112.51667","1450.5","DELTA FAA AIRPORT, UT US","  22.9","24","   4.2","24","9999.9"," 0","866.3","24"," 10.0","24","  2.2","24","  5.1","999.9","  42.8","*","   8.6","*"," 0.00","I","999.9","000000"
"A0001823162","2019-11-01","39.38333","-112.51667","1450.5","DELTA FAA AIRPORT, UT US","  30.1","23","   3.1","23","9999.9"," 0","863.5","23"," 10.0","23","  1.8","23","  5.1","999.9","  50.0","*","  12.2","*"," 0.00","I","999.9","000000"
"A0001823162","2019-11-02","39.38333","-112.51667","1450.5","DELTA FAA AIRPORT, UT US","  30.6","24","   6.9","24","9999.9"," 0","865.4","24"," 10.0","24","  2.7","24","  7.0","999.9","  50.0","*","  14.0","*"," 0.00","I","999.9","000000"
"A0001823162","2019-11-03","39.38333","-112.51667","1450.5","DELTA FAA AIRPORT, UT US","  33.6","24","   7.7","24","9999.9"," 0","859.6","24","  9.7","24","  1.4","24","  6.0","999.9","  59.0","*","  15.8","*"," 0.00","I","999.9","000000"
"A0001823162","2019-11-04","39.38333","-112.51667","1450.5","DELTA FAA AIRPORT, UT US","  38.7","24","  10.2","24","9999.9"," 0","857.4","24"," 10.0","24","  1.7","24","  8.0","999.9","  59.0","*","  19.4","*"," 0.00","I","999.9","000000"
"A0001823162","2019-11-05","39.38333","-112.51667","1450.5","DELTA FAA AIRPORT, UT US","  41.3","24","  21.4","24","9999.9"," 0","860.5","24"," 10.0","24","  2.5","24","  7.0","999.9","  60.8","*","  26.6","*"," 0.00","I","999.9","000000"
"A0001823162","2019-11-06","39.38333","-112.51667","1450.5","DELTA FAA AIRPORT, UT US","  41.5","24","  21.7","24","9999.9"," 0","858.9","24"," 10.0","24","  2.4","24","  6.0","999.9","  60.8","*","  23.0","*"," 0.00","I","999.9","000000"
"A0001823162","2019-11-07","39.38333","-112.51667","1450.5","DELTA FAA AIRPORT, UT US","  40.9","24","  19.2","24","9999.9"," 0","860.9","24","  9.9","24","  1.7","24","  7.0","999.9","  60.8","*","  23.0","*"," 0.00","I","999.9","000000"
"A0001823162","2019-11-08","39.38333","-112.51667","1450.5","DELTA FAA AIRPORT, UT US","  42.8","24","  18.3","24","9999.9"," 0","864.4","24"," 10.0","24","  1.7","24","  6.0","999.9","  62.6","*","  28.4","*"," 0.00","I","999.9","000000"
"A0001823162","2019-11-09","39.38333","-112.51667","1450.5","DELTA FAA AIRPORT, UT US","  43.2","24","  15.6","24","9999.9"," 0","862.6","24"," 10.0","24","  2.0","24","  8.0","999.9","  62.6","*","  23.0","*"," 0.00","I","999.9","000000"
"A0001823162","2019-11-10","39.38333","-112.51667","1450.5","DELTA FAA AIRPORT, UT US","  41.0","24","  14.8","24","9999.9"," 0","858.4","24"," 10.0","24","  2.3","24","  7.0","999.9","  60.8","*","  23.0","*"," 0.00","I","999.9","000000"
"A0001823162","2019-11-11","39.38333","-112.51667","1450.5","DELTA FAA AIRPORT, UT US","  41.6","24","  20.1","24","9999.9"," 0","860.2","24"," 10.0","24","  3.6","24","  7.0","999.9","  57.2","*","  28.4","*"," 0.00","I","999.9","000000"
"A0001823162","2019-11-12","39.38333","-112.51667","1450.5","DELTA FAA AIRPORT, UT US","  36.5","24","  19.6","24","9999.9"," 0","862.8","24"," 10.0","24","  3.0","24","  8.9","999.9","  53.6","*","  21.2","*"," 0.00","I","999.9","000000"
"A0001823162","2019-11-13","39.38333","-112.51667","1450.5","DELTA FAA AIRPORT, UT US","  38.9","24","  19.1","24","9999.9"," 0","857.7","24"," 10.0","24","  3.2","24","  7.0","999.9","  59.0","*","  24.8","*"," 0.00","I","999.9","000000"
"A0001823162","2019-11-14","39.38333","-112.51667","1450.5","DELTA FAA AIRPORT, UT US","  41.6","24","  20.8","24","9999.9"," 0","858.4","24"," 10.0","24","  2.3","24","  8.0","999.9","  60.8","*","  26.6","*"," 0.00","I","999.9","000000"
"A0001823162","2019-11-15","39.38333","-112.51667","1450.5","DELTA FAA AIRPORT, UT US","  49.4","24","  20.8","24","9999.9"," 0","857.8","24","  9.9","24","  5.3","24"," 12.0"," 14.0","  66.2","*","  37.4","*"," 0.00","I","999.9","000000"
"A0001823162","2019-11-16","39.38333","-112.51667","1450.5","DELTA FAA AIRPORT, UT US","  44.4","24","  22.0","24","9999.9"," 0","859.0","24","  9.9","24","  2.7","24"," 14.0"," 18.1","  59.0","*","  30.2","*"," 0.00","I","999.9","000000"
"A0001823162","2019-11-17","39.38333","-112.51667","1450.5","DELTA FAA AIRPORT, UT US","  39.7","24","  24.9","24","9999.9"," 0","862.9","24"," 10.0","24","  3.7","24","  8.0","999.9","  55.4","*","  23.0","*"," 0.00","I","999.9","000000"
"A0001823162","2019-11-18","39.38333","-112.51667","1450.5","DELTA FAA AIRPORT, UT US","  41.3","24","  20.2","24","9999.9"," 0","859.8","24"," 10.0","24","  2.4","24","  7.0","999.9","  60.8","*","  26.6","*"," 0.00","I","999.9","000000"
"A0001823162","2019-11-19","39.38333","-112.51667","1450.5","DELTA FAA AIRPORT, UT US","  44.8"," 9","  21.8"," 9","9999.9"," 0","851.8"," 9"," 10.0"," 9","  4.0"," 9"," 12.0"," 18.1","  59.0","*","  32.0","*"," 0.00","I","999.9","000000"
"A0001823162","2019-11-20","39.38333","-112.51667","1450.5","DELTA FAA AIRPORT, UT US","  46.8","24","  36.7","24","9999.9"," 0","841.8","24","  9.3","24","  5.8","24"," 15.9"," 21.0","  57.2","*","  39.2","*"," 0.00","I","999.9","000000"
"A0001823162","2019-11-23","39.38333","-112.51667","1450.5","DELTA FAA AIRPORT, UT US","  37.1","13","  30.3","13","9999.9"," 0","863.7","13","  7.9","13","  1.8","13","  6.0","999.9","  44.6","*","  28.4","*"," 0.00","I","999.9","000000"
"A0001823162","2019-11-24","39.38333","-112.51667","1450.5","DELTA FAA AIRPORT, UT US","  32.6"," 9","  29.0"," 9","9999.9"," 0","862.8"," 9"," 10.0"," 9","  2.8"," 9","  6.0","999.9","  41.0","*","  28.4","*"," 0.00","I","999.9","000000"
"A0001823162","2019-11-28","39.38333","-112.51667","1450.5","DELTA FAA AIRPORT, UT US","  32.8"," 7","  30.5"," 7","9999.9"," 0","844.5"," 7","  9.1"," 7","  7.5"," 7"," 12.0","999.9","  33.8","*","  32.0","*"," 0.00","I","999.9","000000"
"A0001823162","2019-11-29","39.38333","-112.51667","1450.5","DELTA FAA AIRPORT, UT US","  32.1","24","  31.5","24","9999.9"," 0","838.7","24","  9.0","24","  4.0","24"," 13.0","999.9","  33.8","*","  32.0","*"," 0.00","I","999.9","000000"
"A0001823162","2019-11-30","39.38333","-112.51667","1450.5","DELTA FAA AIRPORT, UT US","  28.9"," 8","  28.4"," 8","9999.9"," 0","843.6"," 8","  9.1"," 8","  9.6"," 8"," 14.0"," 19.0","  32.0","*","  23.0","*"," 0.00","I","999.9","000000"
"A0001823162","2019-12-01","39.38333","-112.51667","1450.5","DELTA FAA AIRPORT, UT US","  22.2","24","  19.3","24","9999.9"," 0","859.8","24"," 10.0","24","  2.0","24","  6.0","999.9","  32.0","*","  10.4","*"," 0.00","I","999.9","000000"
"A0001823162","2019-12-02","39.38333","-112.51667","1450.5","DELTA FAA AIRPORT, UT US","  27.5","24","  24.2","24","9999.9"," 0","859.6","24"," 10.0","24","  2.2","24","  8.0","999.9","  37.4","*","  21.2","*"," 0.00","I","999.9","000000"
"A0001823162","2019-12-03","39.38333","-112.51667","1450.5","DELTA FAA AIRPORT, UT US","  28.4","24","  25.7","24","9999.9"," 0","861.1","24"," 10.0","24","  2.0","24","  6.0","999.9","  37.4","*","  21.2","*"," 0.00","I","999.9","000000"
"A0001823162","2019-12-04","39.38333","-112.51667","1450.5","DELTA FAA AIRPORT, UT US","  31.2","24","  29.3","24","9999.9"," 0","856.9","24","  7.3","24","  1.4","24","  6.0","999.9","  37.4","*","  26.6","*"," 0.00","I","999.9","000000"
"A0001823162","2019-12-05","39.38333","-112.51667","1450.5","DELTA FAA AIRPORT, UT US","  35.8","24","  33.6","24","9999.9"," 0","852.9","24","  7.2","24","  4.8","24"," 13.0","999.9","  42.8","*","  32.0","*"," 0.00","I","999.9","000000"
"A0001823162","2019-12-06","39.38333","-112.51667","1450.5","DELTA FAA AIRPORT, UT US","  35.9","24","  34.2","24","9999.9"," 0","860.9","24","  6.7","24","  2.6","24","  6.0","999.9","  46.4","*","  28.4","*"," 0.00","I","999.9","000000"
"A0001823162","2019-12-07","39.38333","-112.51667","1450.5","DELTA FAA AIRPORT, UT US","  39.0","24","  33.0","24","9999.9"," 0","857.7","24","  9.1","24","  8.1","24"," 18.1"," 25.1","  51.8","*","  32.0","*"," 0.00","I","999.9","000000"
"A0001823162","2019-12-08","39.38333","-112.51667","1450.5","DELTA FAA AIRPORT, UT US","  42.7","24","  36.7","24","9999.9"," 0","852.1","24","  9.9","24"," 10.1","24"," 17.1"," 22.0","  48.2","*","  35.6","*"," 0.00","I","999.9","000000"
"A0001823162","2019-12-09","39.38333","-112.51667","1450.5","DELTA FAA AIRPORT, UT US","  33.8","24","  31.5","24","9999.9"," 0","854.9","24","  8.5","24","  1.9","24","  7.0","999.9","  41.0","*","  28.4","*"," 0.00","I","999.9","000000"
"A0001823162","2019-12-10","39.38333","-112.51667","1450.5","DELTA FAA AIRPORT, UT US","  30.2","24","  26.0","24","9999.9"," 0","860.8","24"," 10.0","24","  1.8","24","  5.1","999.9","  41.0","*","  19.4","*"," 0.00","I","999.9","000000"
"A0001823162","2019-12-11","39.38333","-112.51667","1450.5","DELTA FAA AIRPORT, UT US","  30.4","24","  26.6","24","9999.9"," 0","859.7","24"," 10.0","24","  2.3","24","  8.0","999.9","  42.8","*","  21.2","*"," 0.00","I","999.9","000000"
"A0001823162","2019-12-12","39.38333","-112.51667","1450.5","DELTA FAA AIRPORT, UT US","  34.2","24","  28.4","24","9999.9"," 0","858.8","24"," 10.0","24","  3.7","24","  8.9","999.9","  46.4","*","  26.6","*"," 0.00","I","999.9","000000"
"A0001823162","2019-12-13","39.38333","-112.51667","1450.5","DELTA FAA AIRPORT, UT US","  37.2","24","  31.9","24","9999.9"," 0","857.8","24"," 10.0","24","  3.4","24","  8.0","999.9","  44.6","*","  32.0","*"," 0.00","I","999.9","000000"
"A0001823162","2019-12-14","39.38333","-112.51667","1450.5","DELTA FAA AIRPORT, UT US","  37.5","24","  32.0","24","9999.9"," 0","848.7","24"," 10.0","24","  7.7","24"," 21.0"," 28.0","  42.8","*","  33.8","*"," 0.00","I","999.9","000000"
"A0001823162","2019-12-15","39.38333","-112.51667","1450.5","DELTA FAA AIRPORT, UT US","  27.1","24","  21.2","24","9999.9"," 0","849.5","24","  9.7","24","  5.5","24"," 13.0"," 17.1","  33.8","*","  21.2","*"," 0.00","I","999.9","000000"
"A0001823162","2019-12-16","39.38333","-112.51667","1450.5","DELTA FAA AIRPORT, UT US","  26.1","24","  17.8","24","9999.9"," 0","860.2","24"," 10.0","24","  3.9","24"," 14.0"," 19.0","  32.0","*","  21.2","*"," 0.00","I","999.9","000000"
"A0001823162","2019-12-17","39.38333","-112.51667","1450.5","DELTA FAA AIRPORT, UT US","  21.0","24","  12.8","24","9999.9"," 0","868.2","24"," 10.0","24","  2.9","24","  8.0","999.9","  32.0","*","  12.2","*"," 0.00","I","999.9","000000"
"A0001823162","2019-12-18","39.38333","-112.51667","1450.5","DELTA FAA AIRPORT, UT US","  22.3","24","  14.6","24","9999.9"," 0","861.3","24"," 10.0","24","  1.9","24","  6.0","999.9","  35.6","*","  14.0","*"," 0.00","I","999.9","000000"
"A0001823162","2019-12-19","39.38333","-112.51667","1450.5","DELTA FAA AIRPORT, UT US","  26.4","24","  20.4","24","9999.9"," 0","856.2","24","  9.9","24","  1.6","24","  8.0","999.9","  37.4","*","  17.6","*"," 0.00","I","999.9","000000"
"A0001823162","2019-12-20","39.38333","-112.51667","1450.5","DELTA FAA AIRPORT, UT US","  26.4","24","  17.8","24","9999.9"," 0","863.6","24"," 10.0","24","  2.2","24","  7.0","999.9","  42.8","*","  14.0","*"," 0.00","I","999.9","000000"
"A0001823162","2019-12-21","39.38333","-112.51667","1450.5","DELTA FAA AIRPORT, UT US","  31.3","24","  21.4","24","9999.9"," 0","862.7","24"," 10.0","24","  2.8","24","  6.0","999.9","  46.4","*","  23.0","*"," 0.00","I","999.9","000000"
"A0001823162","2019-12-22","39.38333","-112.51667","1450.5","DELTA FAA AIRPORT, UT US","  37.7","24","  17.8","24","9999.9"," 0","856.4","24"," 10.0","24","  4.3","24","  8.9","999.9","  50.0","*","  30.2","*"," 0.00","I","999.9","000000"
"A0001823162","2019-12-23","39.38333","-112.51667","1450.5","DELTA FAA AIRPORT, UT US","  40.5","24","  18.3","24","9999.9"," 0","851.6","24"," 10.0","24","  4.6","24"," 12.0"," 15.0","  46.4","*","  35.6","*"," 0.00","I","999.9","000000"
"A0001823162","2019-12-24","39.38333","-112.51667","1450.5","DELTA FAA AIRPORT, UT US","  38.8","24","  32.3","24","9999.9"," 0","847.7","24"," 10.0","24","  4.8","24"," 19.0"," 22.0","  42.8","*","  32.0","*"," 0.00","I","999.9","000000"
"A0001823162","2019-12-25","39.38333","-112.51667","1450.5","DELTA FAA AIRPORT, UT US","  33.4","24","  32.5","24","9999.9"," 0","845.7","24","  5.9","24","  4.5","24"," 11.1","999.9","  39.2","*","  32.0","*"," 0.00","I","999.9","000000"
"A0001823162","2019-12-26","39.38333","-112.51667","1450.5","DELTA FAA AIRPORT, UT US","  31.8","24","  28.0","24","9999.9"," 0","851.8","24","  9.8","24","  4.9","24","  8.9","999.9","  37.4","*","  26.6","*"," 0.00","I","999.9","000000"
"A0001823162","2019-12-27","39.38333","-112.51667","1450.5","DELTA FAA AIRPORT, UT US","  27.5","24","  24.2","24","9999.9"," 0","851.6","24","  9.8","24","  4.1","24"," 11.1"," 15.9","  32.0","*","  21.2","*"," 0.00","I","999.9","000000"
"A0001823162","2019-12-28","39.38333","-112.51667","1450.5","DELTA FAA AIRPORT, UT US","  26.8","24","  20.8","24","9999.9"," 0","853.0","24","  9.9","24","  9.1","24"," 17.1"," 20.0","  32.0","*","  23.0","*"," 0.00","I","999.9","000000"
"A0001823162","2019-12-29","39.38333","-112.51667","1450.5","DELTA FAA AIRPORT, UT US","  24.4","24","  15.0","24","9999.9"," 0","856.9","24"," 10.0","24","  4.0","24","  8.0","999.9","  30.2","*","  15.8","*"," 0.00","I","999.9","000000"
"A0001823162","2019-12-30","39.38333","-112.51667","1450.5","DELTA FAA AIRPORT, UT US","  28.0","24","  22.5","24","9999.9"," 0","857.4","24","  9.3","24","  3.6","24","  7.0","999.9","  32.0","*","  23.0","*"," 0.00","I","999.9","000000"
"A0001823162","2019-12-31","39.38333","-112.51667","1450.5","DELTA FAA AIRPORT, UT US","  25.6","23","  22.5","23","9999.9"," 0","861.0","23"," 10.0","23","  4.4","23","  8.0","999.9","  32.0","*","  15.8","*"," 0.00","I","999.9","000000"
